,Unnamed: 0,Symbol,Security,GICS Sector,Market Cap,Average Volume,Return from 2017-2019 (Pre-Covid),Return from 2020-2022 (Post-Covid)
0,0,MMM,3M,Industrials,57556000000.0,3648116.0,-1.6775708601927866,-32.50787758204863
1,1,AOS,A. O. Smith,Industrials,11432000000.0,1022067.0,-0.27253892250718537,19.474017659715468
2,2,ABT,Abbott,Health Care,198745000000.0,4775809.0,124.69583394187777,27.573790413806456
3,3,ABBV,AbbVie,Health Care,253599000000.0,5969209.0,40.68658490005517,81.42119138799993
4,4,ACN,Accenture,Information Technology,198734000000.0,2552522.0,79.45135825389947,26.548418650052344
5,5,ATVI,Activision Blizzard,Communication Services,72256000000.0,11753903.0,61.58068959135106,27.775001246414607
6,6,ADM,ADM,Consumer Staples,45405000000.0,2876364.0,0.9411256688557135,99.37727954170553
7,7,ADBE,Adobe Inc.,Information Technology,241768000000.0,4036804.0,217.45141193957826,1.9787875088778408
8,8,ADP,ADP,Industrials,98195000000.0,1761096.0,65.64758828632303,38.9043913029165
9,9,AAP,Advance Auto Parts,Consumer Discretionary,4204000000.0,2581088.0,-6.827499558175943,-8.375398728215552
10,10,AES,AES Corporation,Utilities,15053000000.0,6014688.0,71.72237176104174,44.0160301340082
11,11,AFL,Aflac,Financials,44100000000.0,2293659.0,50.4922369355456,35.63348642466929
12,12,A,Agilent Technologies,Health Care,37696000000.0,2101177.0,84.84650764592234,74.21419236110216
13,13,APD,Air Products and Chemicals,Materials,67245999999.99999,818908.0,63.92449556500249,31.035073226620618
14,14,AKAM,Akamai,Information Technology,14264000000.0,1412496.0,27.66463734061999,-2.924911784023815
15,15,ALK,Alaska Air Group,Industrials,7094000000.0,1450803.0,-23.88663776557235,-36.99193299298286
16,16,ALB,Albemarle Corporation,Materials,25343000000.0,2082659.0,-17.46414337833786,195.04761987802934
17,17,ARE,Alexandria Real Estate Equities,Real Estate,21321000000.0,992511.0,42.753688285376604,-10.041372965039251
18,18,ALGN,Align Technology,Health Care,25815000000.0,749925.0,185.65655610435786,-25.000005426311663
19,19,ALLE,Allegion,Industrials,11010000000.0,775533.0,92.01733279480635,-15.650291398360588
20,20,LNT,Alliant Energy,Utilities,14012000000.0,1358480.0,43.33158417626516,0.9692735485349065
21,21,ALL,Allstate,Financials,29129000000.0,1991790.0,51.04053600414379,20.031870973074998
22,22,GOOGL,Alphabet Inc. (Class A),Communication Services,1526000000000.0,34547588.0,67.33406480687897,30.865242946087672
23,23,GOOG,Alphabet Inc. (Class C),Communication Services,1525000000000.0,26413590.0,71.5617468542865,32.2798317830951
24,24,MO,Altria,Consumer Staples,81398000000.0,7357470.0,-26.350751457091636,-8.926080224780605
25,25,AMZN,Amazon,Consumer Discretionary,1334000000000.0,63607420.0,143.67874684335712,-10.4
26,26,AMCR,Amcor,Materials,14848000000.0,7682867.0,2.069616788902353,9.46690921081961
27,27,AMD,AMD,Information Technology,178669000000.0,70480925.0,298.5989505574151,38.2202215096823
28,28,AEE,Ameren,Utilities,23186000000.0,1302927.0,45.57900235112725,15.570568426563858
29,29,AAL,American Airlines Group,Industrials,11382000000.0,24265756.0,-40.143824095332576,-56.10765884074534
30,30,AEP,American Electric Power,Utilities,45266000000.0,2964780.0,49.23028294568739,0.47618724681712965
31,31,AXP,American Express,Financials,126514000000.0,2948838.0,65.97677135104772,18.522377394176885
32,32,AIG,American International Group,Financials,43587000000.0,3883332.0,-22.668684821888625,22.463211514180717
33,33,AMT,American Tower,Real Estate,86167000000.0,2195854.0,114.41956235884317,-7.758617482448539
34,34,AWK,American Water Works,Utilities,28967000000.0,916312.0,70.02901531265915,23.918697698329524
35,35,AMP,Ameriprise Financial,Financials,37255000000.0,575817.0,46.808701637197075,85.84816019743711
36,36,ABC,AmerisourceBergen,Health Care,39004000000.0,1332472.0,6.534195788858091,93.49603911124858
37,37,AME,Ametek,Industrials,36530000000.0,971461.0,103.77242748691576,39.510732992449604
38,38,AMGN,Amgen,Health Care,125471000000.0,2570780.0,62.4983114301704,8.082310554912551
39,39,APH,Amphenol,Information Technology,49781000000.0,2818874.0,60.248629966459795,40.479701693493304
40,40,ADI,Analog Devices,Information Technology,96321000000.0,3654525.0,63.71901254615074,36.5664790157033
41,41,ANSS,Ansys,Information Technology,29617000000.0,473037.0,175.77317463341097,-5.999771542671175
42,42,AON,Aon,Financials,69627000000.0,833420.0,85.24400586447189,43.47037238375038
43,43,APA,APA Corporation,Energy,11924000000.0,5392751.0,-60.593416225037785,81.63423704053123
44,44,AAPL,Apple Inc.,Information Technology,3019000000000.0,57417554.0,151.74437075219635,75.43882927215203
45,45,AMAT,Applied Materials,Information Technology,114541000000.0,6062854.0,88.2880072804604,57.06451169906124
46,46,APTV,Aptiv,Consumer Discretionary,29550000000.0,2109603.0,67.50183858661845,-2.928919237524978
47,47,ACGL,Arch Capital Group,Financials,30727000000.0,2042637.0,47.633308252016754,45.9660572640983
48,48,ANET,Arista Networks,Information Technology,52914000000.0,3371417.0,108.25302745150614,135.99767171405585
49,49,AJG,Arthur J. Gallagher & Co.,Financials,46836000000.0,878785.0,82.50000293438251,97.19693764516079
50,50,AIZ,Assurant,Financials,6986000000.0,400635.0,39.68389994053896,-4.91180543188277
51,51,T,AT&T,Communication Services,105519000000.0,45822429.0,-8.550012410732053,-37.755772644761
52,52,ATO,Atmos Energy,Utilities,17812000000.0,881691.0,48.60103129221876,0.026775061631329873
53,53,ADSK,Autodesk,Information Technology,45598000000.0,1515325.0,145.67752520072537,1.4439977777385697
54,54,AZO,AutoZone,Consumer Discretionary,44626000000.0,187879.0,48.72796885072809,106.39907285161979
55,55,AVB,AvalonBay Communities,Real Estate,28026000000.0,708648.0,16.444190445088513,-23.253825373075784
56,56,AVY,Avery Dennison,Materials,14467000000.0,596217.0,85.10456723188086,37.61119264032854
57,57,AXON,Axon Enterprise,Industrials,13296000000.0,1144503.0,201.27050526838624,124.16914374627201
58,58,BKR,Baker Hughes,Energy,36020000000.0,7441324.0,-60.74437310251095,14.9922131453159
59,59,BALL,Ball Corporation,Materials,18115000000.0,1880143.0,70.22851200805847,-20.92160068406189
60,60,BAC,Bank of America,Financials,254355000000.0,47119282.0,55.53097757776686,-6.308344097578558
61,61,BBWI,"Bath & Body Works, Inc.",Consumer Discretionary,8163000000.0,3947983.0,-72.35312217800892,185.62837251397033
62,62,BAX,Baxter International,Health Care,24564000000.0,5088819.0,87.99008178734807,-40.03529268152573
63,63,BDX,Becton Dickinson,Health Care,75219000000.0,1115338.0,67.0392000222508,-4.201728251853648
64,64,WRB,Berkley,Financials,16056000000.0,1595819.0,54.10928559570867,56.648434181816626
65,65,BRK.B,Berkshire Hathaway,Financials,,,,
66,66,BBY,Best Buy,Consumer Discretionary,18059000000.0,2339224.0,103.41463704240357,-9.254440956737646
67,67,BIO,Bio-Rad,Health Care,11979000000.0,229545.0,102.0332318999752,13.010644326258905
68,68,TECH,Bio-Techne,Health Care,,,110.59461767875344,50.30830281252638
69,69,BIIB,Biogen,Health Care,40056000000.0,1136087.0,3.565181645890612,-7.403191437036499
70,70,BLK,BlackRock,Financials,113936000000.0,632050.0,30.216838098937828,38.947059780943626
71,71,BK,BNY Mellon,Financials,36486000000.0,4941430.0,4.47637222677935,-9.789930075977946
72,72,BA,Boeing,Industrials,127418000000.0,5132350.0,108.82916668171718,-42.02099754354619
73,73,BKNG,Booking Holdings,Consumer Discretionary,107966000000.0,334764.0,39.06535060737606,-2.5681626162660174
74,74,BWA,BorgWarner,Consumer Discretionary,10874000000.0,2977427.0,8.771930586729335,-8.522725985661053
75,75,BXP,Boston Properties,Real Estate,9942000000.0,1706016.0,7.024276769825403,-51.135213058698675
76,76,BSX,Boston Scientific,Health Care,76428000000.0,8121851.0,107.13629420238884,1.6923086983816964
77,77,BMY,Bristol Myers Squibb,Health Care,135883000000.00002,8443456.0,8.421233184310497,12.685980685503207
78,78,AVGO,Broadcom Inc.,Information Technology,370075000000.0,3066696.0,75.81468576983713,75.1002104653921
79,79,BR,Broadridge Financial Solutions,Industrials,20037000000.0,569158.0,84.59111111264035,7.570777333044205
80,80,BRO,Brown & Brown,Financials,20195000000.0,1178382.0,74.77797429077039,43.791021596559645
81,81,BF.B,Brown–Forman,Consumer Staples,,,,
82,82,BG,Bunge Limited,Consumer Staples,15791000000.0,1286090.0,-21.56189809616974,72.25483390391335
83,83,CHRW,C.H. Robinson,Industrials,11481000000.0,1148030.0,5.496599885071216,16.63693956508758
84,84,CDNS,Cadence Design Systems,Information Technology,66224000000.0,2032112.0,175.2260991893281,128.89711982204312
85,85,CZR,Caesars Entertainment,Consumer Discretionary,12424000000.0,2913148.0,245.0877017843748,-30.96581541182051
86,86,CPT,Camden Property Trust,Real Estate,12053000000.0,720127.0,25.08610821324823,4.9038871567854505
87,87,CPB,Campbell Soup Company,Consumer Staples,13811000000.0,2617254.0,-18.729370890938306,14.762384478124352
88,88,COF,Capital One,Financials,44125000000.0,3160698.0,15.911909488760795,-10.105409735582208
89,89,CAH,Cardinal Health,Health Care,23726000000.0,2274762.0,-29.476313426431236,50.96230461662291
90,90,KMX,CarMax,Consumer Discretionary,13176000000.0,1787488.0,34.44564346664301,-30.783223207096647
91,91,CCL,Carnival,Consumer Discretionary,23353000000.0,43572048.0,-2.3166745071368,-84.30379618476775
92,92,CARR,Carrier Global,Industrials,45432000000.0,6065796.0,,243.75
93,93,CTLT,Catalent,Health Care,8579000000.000001,4824048.0,109.08083820825543,-20.392646634761025
94,94,CAT,Caterpillar Inc.,Industrials,133037000000.0,3090450.0,56.93617475793717,60.7785218514052
95,95,CBOE,Cboe Global Markets,Financials,15149000000.0,619291.0,61.848533531592665,4.820387986271934
96,96,CBRE,CBRE Group,Real Estate,27266000000.0,1839374.0,90.75000286102295,24.329559268746586
97,97,CDW,CDW,Information Technology,25410000000.0,856700.0,172.94971330702157,23.593324826542034
98,98,CE,Celanese,Materials,13474000000.0,1438116.0,54.49508911751669,-17.481842934106233
99,99,CNC,Centene Corporation,Health Care,38760000000.0,3226017.0,120.30404130617956,30.21594590713205
100,100,CNP,CenterPoint Energy,Utilities,19505000000.0,3816929.0,8.859225707480148,9.732893724250706
101,101,CDAY,Ceridian,Information Technology,10834000000.0,1440567.0,135.3287302212399,-6.254564898742449
102,102,CF,CF Industries,Materials,15413000000.0,2661574.0,47.90755756803403,76.80016471513377
103,103,CRL,Charles River Laboratories,Health Care,10563000000.0,525937.0,97.96610479704914,41.245859766519864
104,104,SCHW,Charles Schwab Corporation,Financials,120996000000.0,14109080.0,19.400750576228845,74.32999384904006
105,105,CHTR,Charter Communications,Communication Services,59397000000.0,1162811.0,66.44156657467092,-30.428180883502694
106,106,CVX,Chevron Corporation,Energy,296663000000.0,7564558.0,1.24176487143877,48.572145617427125
107,107,CMG,Chipotle Mexican Grill,Consumer Discretionary,57907000000.0,293172.0,120.53494754270336,65.1832849539764
108,108,CB,Chubb Limited,Financials,82756000000.0,1821141.0,17.00315739898927,41.546357051146366
109,109,CHD,Church & Dwight,Consumer Staples,23970000000.0,1573582.0,58.983047399143715,14.53538470610949
110,110,CI,Cigna,Health Care,86918000000.0,1641303.0,51.57194807704623,61.322361031464126
111,111,CINF,Cincinnati Financial,Financials,16123999999.999998,619433.0,36.952530180677385,-3.0581360281569583
112,112,CTAS,Cintas,Industrials,51621000000.0,397519.0,130.60924552521303,67.3534498005829
113,113,CSCO,Cisco,Information Technology,214470000000.0,19228729.0,56.70068764406778,-0.8739117179384666
114,114,C,Citigroup,Financials,90604000000.0,15516180.0,31.031644258987516,-43.55422302188207
115,115,CFG,Citizens Financial Group,Financials,15028000000.0,8375977.0,10.949511056079716,-3.3153296865128348
116,116,CLX,Clorox,Consumer Staples,19258000000.0,1192440.0,26.797715244064374,-8.508281807481005
117,117,CME,CME Group,Financials,68080000000.0,1459372.0,71.47037396379874,-16.38406685308626
118,118,CMS,CMS Energy,Utilities,18342000000.0,2173246.0,50.31220237757149,0.7476952213483226
119,119,KO,Coca-Cola Company (The),Consumer Staples,270027000000.0,13916453.0,33.180723994611256,14.985540421655068
120,120,CTSH,Cognizant,Information Technology,33905000000.0,3662551.0,8.826125093246283,-8.187513587830203
121,121,CL,Colgate-Palmolive,Consumer Staples,64034000000.00001,5320119.0,4.926789928640255,14.453813345367768
122,122,CMCSA,Comcast,Communication Services,178801000000.0,19213198.0,29.69714796207445,-22.905642085192888
123,123,CMA,Comerica,Financials,6682000000.0,4048419.0,3.5833471779596944,-7.152779897054036
124,124,CAG,Conagra Brands,Consumer Staples,15881000000.0,4263272.0,-14.278514982797837,12.992702957487454
125,125,COP,ConocoPhillips,Energy,136604000000.00002,5790314.0,27.134988190351745,80.759807301686
126,126,ED,Consolidated Edison,Utilities,33659000000.0,1877830.0,22.341292658684573,5.256757975055125
127,127,STZ,Constellation Brands,Consumer Staples,49406000000.0,1148259.0,21.5211933375563,21.99294547077344
128,128,CEG,Constellation Energy,Utilities,31338000000.0,2352716.0,,126.8684186433491
129,129,COO,CooperCompanies,Health Care,19190000000.0,294148.0,81.83630778979975,2.304935393507466
130,130,CPRT,Copart,Industrials,43514000000.0,2240056.0,226.9521324829629,33.238508475096914
131,131,GLW,Corning Inc.,Information Technology,28241000000.0,4752261.0,18.893445419771872,8.935882900762445
132,132,CTVA,Corteva,Materials,40058000000.0,3301920.0,-2.9915945870535716,97.18215307736727
133,133,CSGP,CoStar Group,Industrials,37046000000.0,2969312.0,215.2590606109298,27.727086991601475
134,134,COST,Costco,Consumer Staples,247215000000.0,1830393.0,83.71616922600846,55.24042841258571
135,135,CTRA,Coterra,Energy,20232000000.0,7164177.0,-25.4569212271639,40.239720621334044
136,136,CCI,Crown Castle,Real Estate,46765000000.0,2854416.0,62.063030253850286,-4.700345925202238
137,137,CSX,CSX,Industrials,65992999999.99999,12006996.0,100.11064204757118,27.62977403261315
138,138,CMI,Cummins,Industrials,36629000000.0,1005140.0,29.591322721236438,34.590594120543415
139,139,CVS,CVS Health,Health Care,96216000000.0,8883309.0,-7.388797119275678,24.835901589499745
140,140,DHI,D.R. Horton,Consumer Discretionary,43514000000.0,2921730.0,89.64273176936706,68.3474940609235
141,141,DHR,Danaher Corporation,Health Care,188814000000.0,3412788.0,94.8495558144077,72.39542858751251
142,142,DRI,Darden Restaurants,Consumer Discretionary,20627000000.0,1279614.0,48.852463971433544,25.983604723442795
143,143,DVA,DaVita Inc.,Health Care,9322000000.0,658956.0,14.426945127398755,-0.7839542260670838
144,144,DE,John Deere,Industrials,128104000000.00002,1736909.0,67.97839809942128,146.0743780121417
145,145,DAL,Delta Air Lines,Industrials,31238000000.0,11306582.0,18.817097663592527,-44.23892679419265
146,146,XRAY,Dentsply Sirona,Health Care,8661000000.0,1719733.0,-2.792138778185744,-43.97325509993392
147,147,DVN,Devon Energy,Energy,33535000000.0,8334516.0,-45.47201868207667,134.68142109922084
148,148,DXCM,Dexcom,Health Care,50625000000.0,2668551.0,263.3445419183298,107.24743617991855
149,149,FANG,Diamondback Energy,Energy,25578000000.0,1899416.0,-11.151219809927591,46.52383611684326
150,150,DLR,Digital Realty,Real Estate,35509000000.0,2970353.0,19.63797986531098,-16.44863356535567
151,151,DFS,Discover Financial,Financials,26692000000.0,2187250.0,15.953356666651667,14.945366149082187
152,152,DIS,Disney,Communication Services,159304000000.0,14285683.0,36.53371330083825,-40.202353040021634
153,153,DG,Dollar General,Consumer Staples,36650000000.0,3069630.0,111.66264979127438,56.89710403830496
154,154,DLTR,Dollar Tree,Consumer Staples,33404000000.000004,2263680.0,20.523395941185697,49.371632479288074
155,155,D,Dominion Energy,Utilities,44957000000.0,3901154.0,7.196032595260569,-26.013511429869908
156,156,DPZ,Domino's,Consumer Discretionary,13621000000.0,688574.0,84.17912181366644,17.907343279687534
157,157,DOV,Dover Corporation,Industrials,21274000000.0,798896.0,86.95729532631424,16.58200764804917
158,158,DOW,Dow Inc.,Materials,37523000000.0,4531017.0,3.0142182987448165,-8.763353598955893
159,159,DTE,DTE Energy,Utilities,23727000000.0,1252869.0,30.666393693409876,6.229037202352322
160,160,DUK,Duke Energy,Utilities,73042000000.0,2836867.0,16.92208516605011,12.828658239562323
161,161,DD,DuPont,Materials,34486000000.0,3487056.0,-23.487028553965544,5.910484600750742
162,162,DXC,DXC Technology,Information Technology,5881000000.0,1823583.0,-28.9183346011449,-30.318167629218234
163,163,EMN,Eastman Chemical Company,Materials,10394000000.0,908716.0,3.3096021326895024,1.293533452474614
164,164,ETN,Eaton Corporation,Industrials,82785000000.0,2060877.0,40.449778737387625,64.79420460796534
165,165,EBAY,eBay,Consumer Discretionary,25849000000.0,5069190.0,20.013407068801577,13.897284796749764
166,166,ECL,Ecolab,Materials,53861000000.0,1029358.0,62.22484817266252,-24.83734648040113
167,167,EIX,Edison International,Utilities,27728000000.0,1461856.0,4.110920931470794,-14.844064099169263
168,168,EW,Edwards Lifesciences,Health Care,56118000000.0,2621169.0,147.78252418845466,-2.682604671398815
169,169,EA,Electronic Arts,Communication Services,37296000000.0,2189875.0,34.4693219557616,13.192512082348264
170,170,ELV,Elevance Health,Health Care,112822000000.0,1376287.0,111.2287337347519,69.48159644021092
171,171,LLY,Eli Lilly and Company,Health Care,438602000000.0,2998896.0,77.57641157208033,177.6352618016487
172,172,EMR,Emerson Electric,Industrials,52138000000.0,2849259.0,35.893337673611114,25.45383040544398
173,173,ENPH,Enphase,Information Technology,24323000000.0,4034120.0,2387.255030748985,904.7780926152627
174,174,ETR,Entergy,Utilities,21988000000.0,1601451.0,62.285712624893705,-6.117000516606078
175,175,EOG,EOG Resources,Energy,72879000000.0,3358412.0,-19.721327492382315,53.60531871587662
176,176,EPAM,EPAM Systems,Information Technology,13750000000.0,695804.0,225.46381186394436,53.063701526335024
177,177,EQT,EQT,Energy,14430000000.0,6422817.0,-69.65427711032785,208.38651784479347
178,178,EFX,Equifax,Industrials,26055000000.0,755319.0,17.143100142384487,38.16734423848098
179,179,EQIX,Equinix,Real Estate,75485000000.0,461812.0,62.40028446287261,12.179969417090241
180,180,EQR,Equity Residential,Real Estate,26167000000.0,1763233.0,24.43347896259527,-27.447122206820204
181,181,ESS,Essex Property Trust,Real Estate,16288000000.0,396504.0,28.19075600641861,-29.88121944695563
182,182,EL,Estée Lauder Companies (The),Consumer Staples,64212999999.99999,2437887.0,167.1498682235924,20.126856141913983
183,183,ETSY,Etsy,Consumer Discretionary,11933000000.0,3461666.0,271.51211552764204,167.90427473056087
184,184,EG,Everest Re,Financials,15932000000.0,397508.0,27.381669949467565,19.20474857479393
185,185,EVRG,Evergy,Utilities,14139000000.0,1139079.0,13.701542659746774,-3.4075228990152753
186,186,ES,Eversource,Utilities,25922000000.0,1977183.0,52.77828717123869,-1.399508948006703
187,187,EXC,Exelon,Utilities,42319000000.0,6384361.0,27.221760045484487,32.39069940232807
188,188,EXPE,Expedia Group,Consumer Discretionary,17606000000.0,2586206.0,-5.498074554651492,-19.537065983153663
189,189,EXPD,Expeditors International,Industrials,19061000000.0,1216362.0,45.857482856335665,32.180099896350086
190,190,EXR,Extra Space Storage,Real Estate,31905000000.0,1484629.0,35.04207080236145,39.00641905336851
191,191,XOM,ExxonMobil,Energy,420025000000.0,15898816.0,-23.59797504766903,57.03303873340751
192,192,FFIV,"F5, Inc.",Information Technology,8999000000.0,548588.0,-4.366632939835006,2.2005386541687018
193,193,FDS,FactSet,Financials,16552000000.0,307850.0,62.177393917857316,49.337447326054296
194,194,FICO,Fair Isaac,Information Technology,21107000000.0,197004.0,212.4854067612787,58.77454034213362
195,195,FAST,Fastenal,Industrials,33217000000.0,3268201.0,55.90717119604276,27.6159583551948
196,196,FRT,Federal Realty,Real Estate,8481999999.999999,533169.0,-10.117542429566093,-21.988883892423654
197,197,FDX,FedEx,Industrials,65226000000.0,2016459.0,-19.526186688336647,13.633380808904038
198,198,FITB,Fifth Third Bank,Financials,19220000000.0,6715204.0,11.781922145420364,6.0096948772252965
199,199,FSLR,First Solar,Information Technology,21142000000.0,2417551.0,72.52375733987046,165.5850872936631
200,200,FE,FirstEnergy,Utilities,22965000000.0,3779683.0,56.57088393139728,-13.632624710392136
201,201,FIS,FIS,Financials,36470000000.0,5325922.0,81.69901457986519,-51.490669305254336
202,202,FI,Fiserv,Financials,79343000000.0,3621346.0,116.19547191647862,-12.870689918254984
203,203,FLT,Fleetcor,Financials,18639000000.0,504743.0,99.2760333647538,-36.63585291091874
204,204,FMC,FMC Corporation,Materials,11909000000.0,1211572.0,99.89630878647003,24.339941851807623
205,205,F,Ford Motor Company,Consumer Discretionary,55731000000.0,59868791.0,-24.180326683487294,25.18837634226581
206,206,FTNT,Fortinet,Information Technology,61371000000.0,5443632.0,249.96726815607025,127.18400720112724
207,207,FTV,Fortive,Industrials,26124000000.0,2051277.0,41.547603912023874,-0.2873315862392005
208,208,FOXA,Fox Corporation (Class A),Communication Services,16433000000.0,4242933.0,-2.4210478130139803,-18.818495153417416
209,209,FOX,Fox Corporation (Class B),Communication Services,16399999999.999998,1237787.0,-5.595854748181545,-22.054792430302868
210,210,BEN,Franklin Templeton,Financials,14685000000.0,2977970.0,-35.834993494443616,3.006632300132807
211,211,FCX,Freeport-McMoRan,Materials,58206000000.0,12457969.0,-3.558187919795211,184.64418662298576
212,212,GRMN,Garmin,Consumer Discretionary,20271000000.0,770172.0,101.8339159530911,-5.459948454305188
213,213,IT,Gartner,Information Technology,28134000000.0,506580.0,50.72020851671053,117.59452611670031
214,214,GEHC,GE HealthCare,Health Care,37570000000.0,3273177.0,,-7.333331637912327
215,215,GEN,Gen Digital,Information Technology,12341000000.0,4235982.0,6.432744251562867,-16.32175011931169
216,216,GNRC,Generac,Industrials,9037000000.0,1236516.0,144.9612542074412,-0.7101929481304258
217,217,GD,General Dynamics,Industrials,59111000000.0,1185750.0,0.9289495514979976,39.819670260529314
218,218,GE,General Electric,Industrials,120291000000.0,5178262.0,-63.61477966113662,-6.734190313468663
219,219,GIS,General Mills,Consumer Staples,45059000000.0,3492156.0,-15.058783139222442,56.34905240375358
220,220,GM,General Motors,Consumer Discretionary,53589000000.0,13999603.0,4.173811045108196,-9.0810827306799
221,221,GPC,Genuine Parts Company,Consumer Discretionary,21964000000.0,917695.0,9.956439179038519,62.767351773422725
222,222,GILD,Gilead Sciences,Health Care,100586000000.0,5747625.0,-10.243290583128765,31.00869841805031
223,223,GL,Globe Life,Financials,10959000000.0,496051.0,40.9486886140662,14.449825269266992
224,224,GPN,Global Payments,Financials,28943000000.0,2422014.0,159.145466424942,-46.00706640795989
225,225,GS,Goldman Sachs,Financials,117008000000.0,2316801.0,-5.315201507495448,48.649352763122295
226,226,HAL,Halliburton,Energy,33327000000.0,9885366.0,-55.31295510359443,59.37625606707193
227,227,HIG,Hartford (The),Financials,23007000000.0,1586588.0,25.52223483356006,24.39304949131737
228,228,HAS,Hasbro,Consumer Discretionary,8865000000.0,1592669.0,34.65625333926416,-42.53555677334597
229,229,HCA,HCA Healthcare,Health Care,78439000000.0,1256924.0,98.42657590190709,61.960043724833454
230,230,PEAK,Healthpeak,Real Estate,11897000000.0,4618974.0,13.989298292929309,-27.543350287789153
231,231,HSIC,Henry Schein,Health Care,10470000000.0,866091.0,9.84310531571607,18.871855699415264
232,232,HSY,Hershey's,Consumer Staples,50413000000.0,1166469.0,41.390612964269685,57.284530356679255
233,233,HES,Hess Corporation,Energy,44361000000.0,1661109.0,4.37046451732735,110.07258604145187
234,234,HPE,Hewlett Packard Enterprise,Information Technology,22292000000.0,12814574.0,17.078012743165615,-0.2499997615814209
235,235,HLT,Hilton Worldwide,Consumer Discretionary,40181000000.0,1754462.0,96.85847486655824,13.6842095147712
236,236,HOLX,Hologic,Health Care,19941000000.0,1536648.0,29.650001525878906,43.58925095890949
237,237,HD,Home Depot (The),Consumer Discretionary,322194000000.0,4342629.0,60.85121224353433,44.17563570916002
238,238,HON,Honeywell,Industrials,138860000000.0,2478796.0,57.82230717228562,20.73239608549736
239,239,HRL,Hormel Foods,Consumer Staples,21927000000.0,2163382.0,28.976786435115596,0.9082850087634938
240,240,HST,Host Hotels & Resorts,Real Estate,12497000000.0,6648870.0,-2.1533704571746157,-13.941021097321725
241,241,HWM,Howmet Aerospace,Industrials,20627000000.0,2644811.0,64.72786134613422,27.499191336009176
242,242,HPQ,HP Inc.,Information Technology,31787000000.0,7467703.0,37.056856404905496,29.932303881583536
243,243,HUM,Humana,Health Care,57086000000.0,1338974.0,81.28357956593344,39.50048952302695
244,244,HBAN,Huntington Bancshares,Financials,17056000000.0,14993235.0,11.738483798129112,-6.746028517259077
245,245,HII,Huntington Ingalls Industries,Industrials,9237000000.0,327069.0,36.11351219383446,-8.460320366753471
246,246,IBM,IBM,Information Technology,126164000000.0,4401606.0,-20.47305772944332,9.163660834550386
247,247,IEX,IDEX Corporation,Industrials,16071000000.000002,500591.0,89.70718711838327,32.112480131923235
248,248,IDXX,Idexx Laboratories,Health Care,46035000000.0,446382.0,121.15141100584495,55.98975007045076
249,249,ITW,Illinois Tool Works,Industrials,77668000000.0,1102300.0,45.40531704594637,22.28698890677951
250,250,ILMN,Illumina,Health Care,30116000000.0,1562877.0,154.03733010761007,-38.55037093164637
251,251,INCY,Incyte,Health Care,14311000000.0,1960032.0,-12.942452458854149,-7.5825609131325304
252,252,IR,Ingersoll Rand,Industrials,26399000000.0,2149093.0,71.71765495749081,41.67570088595514
253,253,PODD,Insulet,Health Care,19813000000.0,578317.0,344.0220472302337,71.91661130855874
254,254,INTC,Intel,Information Technology,142434000000.0,44978482.0,62.851674236320754,-56.12549872384322
255,255,ICE,Intercontinental Exchange,Financials,65068000000.0,2250754.0,62.46045687602181,10.501939233727382
256,256,IFF,International Flavors & Fragrances,Materials,21428000000.0,2092603.0,7.184468008005937,-18.979906272824802
257,257,IP,International Paper,Materials,11054000000.0,3358432.0,-13.575598891244832,-21.32254573200854
258,258,IPG,Interpublic Group of Companies (The),Communication Services,12689000000.0,5106845.0,-2.410146740034668,43.14568422012065
259,259,INTU,Intuit,Information Technology,137935000000.0,1884998.0,129.8758131504236,49.080749670166306
260,260,ISRG,Intuitive Surgical,Health Care,117965000000.0,1691669.0,178.9508406154133,33.632704782389354
261,261,IVZ,Invesco,Financials,8308000000.0,4507238.0,-42.12394909583177,1.0106699077672143
262,262,INVH,Invitation Homes,Real Estate,22206000000.0,2738883.0,48.05969982128808,-1.5609472307401502
263,263,IQV,IQVIA,Health Care,42353000000.0,1180619.0,100.03910673921902,31.991242046590667
264,264,IRM,Iron Mountain,Real Estate,18049000000.0,1388961.0,-3.4135958316208277,56.26958956188799
265,265,JBHT,J.B. Hunt,Industrials,20213000000.0,714862.0,19.16589967194306,47.88803931616553
266,266,JKHY,Jack Henry & Associates,Financials,12506000000.0,667090.0,63.506525397595965,19.860719666450603
267,267,J,Jacobs Solutions,Industrials,15979000000.0,678787.0,55.347555694151595,33.55950796092087
268,268,JNJ,Johnson & Johnson,Health Care,442278000000.0,6714890.0,25.49663550155395,21.100980194432147
269,269,JCI,Johnson Controls,Industrials,47320000000.0,3721320.0,-2.354070422993378,56.44096856198967
270,270,JPM,JPMorgan Chase,Financials,450300000000.0,10690114.0,58.724537091228136,-4.070382327703878
271,271,JNPR,Juniper Networks,Information Technology,9651000000.0,4000398.0,-13.974717718425243,28.81902366965121
272,272,K,Kellogg's,Consumer Staples,23232000000.0,2445896.0,-6.6883738521363085,3.052221458387572
273,273,KDP,Keurig Dr Pepper,Consumer Staples,45735000000.0,9657658.0,-68.15925728217182,23.433716167503373
274,274,KEY,KeyCorp,Financials,10690000000.0,22331529.0,9.23824453445701,-14.440080775650092
275,275,KEYS,Keysight,Information Technology,30023000000.0,1121501.0,179.18034034188443,64.74384953516825
276,276,KMB,Kimberly-Clark,Consumer Staples,46272000000.0,1711938.0,19.910647335659934,-1.2008689736387195
277,277,KIM,Kimco Realty,Real Estate,12968000000.0,4128779.0,-18.16390407974972,1.9249259158462757
278,278,KMI,Kinder Morgan,Energy,40015000000.0,13333517.0,0.5258155351357413,-14.91764741785386
279,279,KLAC,KLA Corporation,Information Technology,62914000000.0,1048206.0,125.8705740913997,108.55736327312928
280,280,KHC,Kraft Heinz,Consumer Staples,44573000000.0,7837893.0,-63.904382885318086,26.076178167267795
281,281,KR,Kroger,Consumer Staples,34445000000.0,5180133.0,-15.768117490022078,53.56527997452839
282,282,LHX,L3Harris,Industrials,37885000000.0,1033027.0,93.5384089250782,4.928697474713764
283,283,LH,LabCorp,Health Care,19422000000.0,744694.0,30.332124844527353,38.55024010996998
284,284,LRCX,Lam Research,Information Technology,83778000000.0,1300900.0,174.22197947887403,42.098853718160086
285,285,LW,Lamb Weston,Consumer Staples,16459000000.0,1107558.0,126.59771684647639,4.185617474400788
286,286,LVS,Las Vegas Sands,Consumer Discretionary,42776000000.0,4363630.0,29.242828109325156,-31.210644556124365
287,287,LDOS,Leidos,Industrials,12527000000.0,1047051.0,91.24415372337671,6.856968541846345
288,288,LEN,Lennar,Consumer Discretionary,35984000000.0,2269119.0,30.616544945133462,61.40538700297869
289,289,LNC,Lincoln Financial,Financials,4602000000.0,2982903.0,-12.315057603008793,-48.28283076731799
290,290,LIN,Linde plc,Materials,188270000000.0,1508300.0,79.27439459587686,52.72028742363015
291,291,LYV,Live Nation Entertainment,Communication Services,23051000000.0,1909691.0,164.72118994165,-3.138891855875651
292,292,LKQ,LKQ Corporation,Consumer Discretionary,15238000000.0,1143248.0,15.198454425968992,48.69154390321713
293,293,LMT,Lockheed Martin,Industrials,114523000000.0,1018669.0,56.01114596240713,23.832919710319924
294,294,L,Loews Corporation,Financials,14016000000.0,760661.0,10.12068351815729,10.64112382483883
295,295,LOW,Lowe's,Consumer Discretionary,136991000000.00002,2861287.0,67.41040940516788,65.96418194780439
296,296,LYB,LyondellBasell,Materials,29850000000.0,1869096.0,8.124569027304764,-12.856843153803407
297,297,MTB,M&T Bank,Financials,22870000000.0,1366130.0,7.092289151164737,-14.850905706219228
298,298,MRO,Marathon Oil,Energy,15619000000.0,11815574.0,-24.351746057277012,97.7355772429198
299,299,MPC,Marathon Petroleum,Energy,54103000000.0,3752622.0,11.117313447276516,91.17936489427154
300,300,MKTX,MarketAxess,Financials,10194000000.0,374104.0,150.01670123892734,-26.658074084536885
301,301,MAR,Marriott International,Consumer Discretionary,59124000000.0,1821300.0,82.20755596575185,-1.7227726801000414
302,302,MMC,Marsh McLennan,Financials,94704000000.0,1642509.0,64.81946108474588,48.29285882084931
303,303,MLM,Martin Marietta Materials,Materials,28375000000.0,373888.0,24.367983075436886,19.96663345032894
304,304,MAS,Masco,Industrials,13334000000.0,1819066.0,50.79962707116893,-3.174279190407287
305,305,MA,Mastercard,Financials,376673000000.0,2775798.0,185.14509221183602,15.732550381276756
306,306,MTCH,Match Group,Communication Services,12486000000.0,5373501.0,381.6018895039587,-49.87313838203183
307,307,MKC,McCormick & Company,Consumer Staples,23645000000.0,1512872.0,81.71928434393108,-2.1196176662853996
308,308,MCD,McDonald's,Consumer Discretionary,215823000000.0,2441254.0,61.58706932205824,33.09595897944287
309,309,MCK,McKesson,Health Care,56136000000.0,862433.0,-2.3005668575174645,169.6571011942572
310,310,MDT,Medtronic,Health Care,118353000000.0,5614754.0,60.754448832990434,-32.09854810207978
311,311,MRK,Merck & Co.,Health Care,280108000000.0,7290917.0,53.896867371902026,27.66315429456117
312,312,META,Meta Platforms,Communication Services,754109000000.0,25149008.0,76.16996105543531,-41.79443949799728
313,313,MET,MetLife,Financials,46868000000.0,5683609.0,4.357730109024913,41.12715380133699
314,314,MTD,Mettler Toledo,Health Care,29988000000.0,127025.0,87.687528000184,79.52109267008821
315,315,MGM,MGM Resorts,Consumer Discretionary,18052000000.0,4490112.0,14.856943922569931,0.029827927794336836
316,316,MCHP,Microchip Technology,Information Technology,48838000000.0,5175417.0,62.749952545427774,32.50966860091452
317,317,MU,Micron Technology,Information Technology,71906000000.0,17410950.0,141.0965102865465,-8.878758554902223
318,318,MSFT,Microsoft,Information Technology,2556000000000.0,29270746.0,150.9794458354916,51.039179473459335
319,319,MAA,Mid-America Apartment Communities,Real Estate,18545000000.0,599409.0,32.82124512742191,18.6173012869955
320,320,MRNA,Moderna,Health Care,48196000000.0,3233743.0,-13.409094376997514,817.8334078599529
321,321,MHK,Mohawk Industries,Consumer Discretionary,7023000000.0,666072.0,-32.87385472070695,-25.14097478126183
322,322,MOH,Molina Healthcare,Health Care,18567000000.0,513867.0,150.39630661362327,142.8088244269876
323,323,TAP,Molson Coors Beverage Company,Consumer Staples,15119000000.0,2336695.0,-45.060783415446686,-5.0322572207121254
324,324,MDLZ,Mondelez International,Consumer Staples,100750000000.0,6491282.0,23.014987980845117,21.049763646046816
325,325,MPWR,Monolithic Power Systems,Information Technology,25308000000.0,640077.0,115.21293365086734,96.31911777562566
326,326,MNST,Monster Beverage,Consumer Staples,60814000000.0,4497577.0,41.903691926255455,58.73983776204424
327,327,MCO,Moody's Corporation,Financials,65653000000.00001,783791.0,150.1420885364676,16.733703564194446
328,328,MS,Morgan Stanley,Financials,155963000000.0,7381630.0,18.264095855223875,66.05467846908154
329,329,MOS,Mosaic Company (The),Materials,12806000000.0,4388608.0,-29.07250941918242,100.13685574449116
330,330,MSI,Motorola Solutions,Information Technology,49676000000.0,826696.0,93.0207553567243,58.91348237335567
331,331,MSCI,MSCI,Financials,41240000000.0,571659.0,222.03561965258618,78.84963665554373
332,332,NDAQ,"Nasdaq, Inc.",Financials,24887000000.0,3491427.0,58.61864196267109,71.59238463243938
333,333,NTAP,NetApp,Information Technology,16890000000.0,2154054.0,73.61738477304972,-3.082136210728379
334,334,NFLX,Netflix,Communication Services,190041000000.0,7228388.0,158.7307937958906,-9.573750578462976
335,335,NWL,Newell Brands,Consumer Discretionary,4145000000.0,7244645.0,-57.511109246148,-32.68142193378251
336,336,NEM,Newmont,Materials,34340000000.000004,7885864.0,28.223919606035228,8.381174718305843
337,337,NWSA,News Corp (Class A),Communication Services,11280000000.0,2264562.0,21.818177164281256,28.44037166511804
338,338,NWS,News Corp (Class B),Communication Services,11278000000.0,740174.0,21.004186350997006,26.042381338438545
339,339,NEE,NextEra Energy,Utilities,153578000000.0,7564456.0,101.84874639296666,38.19894706347296
340,340,NKE,"Nike, Inc.",Consumer Discretionary,167624000000.0,8072658.0,93.88343873338847,15.440017197751105
341,341,NI,NiSource,Utilities,11599000000.0,3990370.0,24.131711154978312,-1.8259943548490634
342,342,NDSN,Nordson Corporation,Industrials,13869000000.0,237753.0,43.90416265073885,45.643915845376355
343,343,NSC,Norfolk Southern Railway,Industrials,53042000000.0,1250406.0,77.77063088806962,26.336833793104905
344,344,NTRS,Northern Trust,Financials,16407000000.0,1530608.0,17.688735891868994,-16.934197993282293
345,345,NOC,Northrop Grumman,Industrials,68856000000.0,694980.0,49.111490056888364,58.404941785000105
346,346,NCLH,Norwegian Cruise Line Holdings,Consumer Discretionary,8920000000.0,14998556.0,35.84511639602483,-79.18013338917062
347,347,NRG,NRG Energy,Utilities,8795000000.0,5249256.0,218.4253288473483,-20.110473934212134
348,348,NUE,Nucor,Materials,41158000000.0,1466201.0,-6.12654794874462,131.93734526076742
349,349,NVDA,Nvidia,Information Technology,1094000000000.0,49327874.0,122.52873939530619,144.8418837941754
350,350,NVR,"NVR, Inc.",Consumer Discretionary,20276000000.0,23356.0,131.6969696969697,22.122850890256817
351,351,NXPI,NXP Semiconductors,Information Technology,55403000000.0,2397645.0,29.821886057768765,22.875358082050546
352,352,ORLY,O'Reilly Auto Parts,Consumer Discretionary,58214000000.0,452674.0,56.253574916294646,92.48119254204676
353,353,OXY,Occidental Petroleum,Energy,54165000000.0,10690764.0,-43.683405765255124,51.30915220348473
354,354,ODFL,Old Dominion,Industrials,43257000000.0,927919.0,117.42441514927798,123.73068982384062
355,355,OMC,Omnicom Group,Communication Services,16558000000.0,1747524.0,-5.820043984243538,0.5175578078225596
356,356,ON,ON Semiconductor,Information Technology,42652000000.0,7058990.0,90.50981110217525,151.9999956843829
357,357,OKE,ONEOK,Energy,29751000000.0,3250430.0,29.721360441523327,-13.461540394087582
358,358,ORCL,Oracle Corporation,Information Technology,319333000000.0,10477109.0,37.06111760011993,53.44471027098816
359,359,OGN,Organon & Co.,Health Care,5400000000.0,2115961.0,,-9.903224822013609
360,360,OTIS,Otis Worldwide,Industrials,36060000000.0,1895827.0,,95.77499389648438
361,361,PCAR,Paccar,Industrials,45940000000.0,2639446.0,22.206743831932307,24.97791278630553
362,362,PKG,Packaging Corporation of America,Materials,12352000000.0,653806.0,31.188347130627484,13.304991012196083
363,363,PANW,Palo Alto Networks,Information Technology,74574000000.0,6103206.0,83.89352093459445,79.48035658228113
364,364,PARA,Paramount Global,Communication Services,10213000000.0,15693903.0,-36.584624338945254,-60.00947754823319
365,365,PH,Parker Hannifin,Industrials,51017000000.0,808417.0,44.69760824378094,40.57292291285507
366,366,PAYX,Paychex,Industrials,44495000000.0,2305095.0,38.822562994904715,35.157891881396196
367,367,PAYC,Paycom,Information Technology,20266000000.0,573359.0,468.00867769301317,16.255800220318335
368,368,PYPL,PayPal,Financials,81436000000.0,18276351.0,167.98212650100143,-34.941079358247144
369,369,PNR,Pentair,Industrials,10943000000.0,1252283.0,19.86293154221075,-2.3871576499743865
370,370,PEP,PepsiCo,Consumer Staples,261770000000.0,5056029.0,30.36972972721462,31.993870173977182
371,371,PFE,Pfizer,Health Care,211135000000.0,26424982.0,18.9908237873175,37.422287108008234
372,372,PCG,PG&E Corporation,Utilities,42130000000.0,17329809.0,-82.23976328427047,49.037584384006806
373,373,PM,Philip Morris International,Consumer Staples,151371000000.0,4422596.0,-6.6347139193185924,18.360421653632635
374,374,PSX,Phillips 66,Energy,48515000000.0,3263732.0,26.41164337739525,-7.137758627144661
375,375,PNW,Pinnacle West,Utilities,9674000000.0,710570.0,14.437751563859619,-15.632971005506487
376,376,PXD,Pioneer Natural Resources,Energy,50452000000.0,1880724.0,-17.552876884949033,50.23680632208892
377,377,PNC,PNC Financial Services,Financials,53435000000.0,3097951.0,34.71965475415724,-1.1330188160211268
378,378,POOL,Pool Corporation,Consumer Discretionary,14434000000.0,432133.0,105.01717850949977,42.447219537978775
379,379,PPG,PPG Industries,Materials,35159000000.0,1456233.0,39.28533767565776,-6.143168830293155
380,380,PPL,PPL Corporation,Utilities,20557000000.0,4900574.0,4.757706220802301,-18.833335240681965
381,381,PFG,Principal Financial Group,Financials,20311000000.0,1263243.0,-6.756524557642217,51.39815570433846
382,382,PG,Procter & Gamble,Consumer Staples,360451000000.0,6229266.0,48.39056425413889,21.734937798067268
383,383,PGR,Progressive Corporation,Financials,72805000000.0,3146001.0,102.35029742149318,75.47349827770955
384,384,PLD,Prologis,Real Estate,115840000000.0,3158101.0,66.81058728506343,25.716522425417498
385,385,PRU,Prudential Financial,Financials,34591000000.0,2106553.0,-11.736202327795407,5.763502888322913
386,386,PEG,Public Service Enterprise Group,Utilities,32498000000.0,2319161.0,33.31061214842007,3.636673823955977
387,387,PTC,PTC,Information Technology,17224000000.0,765290.0,61.601203410481816,59.14092593115177
388,388,PSA,Public Storage,Real Estate,51432000000.0,867098.0,-5.991005280979529,31.040123862941225
389,389,PHM,PulteGroup,Consumer Discretionary,17432000000.0,2926177.0,109.16442497497826,17.13403661029937
390,390,QRVO,Qorvo,Information Technology,10507000000.0,1242088.0,118.52199777660105,-22.701690484070955
391,391,PWR,Quanta Services,Industrials,29252000000.0,814291.0,16.268490459405207,246.96859279002706
392,392,QCOM,Qualcomm,Information Technology,143196000000.0,8796851.0,34.269662140386885,23.45872956063428
393,393,DGX,Quest Diagnostics,Health Care,16171000000.0,954275.0,14.650707228242512,46.53428185752742
394,394,RL,Ralph Lauren Corporation,Consumer Discretionary,8234000000.0,973256.0,27.730914998243325,-10.411190417143867
395,395,RJF,Raymond James,Financials,23198000000.0,1207470.0,27.97669977615889,78.02398810261904
396,396,RTX,Raytheon Technologies,Industrials,140839000000.0,4270614.0,35.77316137900103,7.093548391797738
397,397,O,Realty Income,Real Estate,42245000000.0,4063043.0,26.861798251908812,-11.361196086410791
398,398,REG,Regency Centers,Real Estate,11300000000.0,905008.0,-9.512757606852736,-1.5282829715571562
399,399,REGN,Regeneron,Health Care,80596000000.0,637638.0,0.7712263772472706,90.8703677868717
400,400,RF,Regions Financial Corporation,Financials,18503000000.0,9177330.0,17.582419957678084,24.913089107989634
401,401,RSG,Republic Services,Industrials,49008000000.0,1116975.0,57.590612919179186,43.769509293541205
402,402,RMD,ResMed,Health Care,32316000000.000004,639422.0,148.9371982872316,33.93179733420893
403,403,RVTY,Revvity,Health Care,16416000000.0,809430.0,84.64184618819553,42.71755849435433
404,404,RHI,Robert Half,Industrials,8474000000.0,1070074.0,27.08165248554744,16.35933954815347
405,405,ROK,Rockwell Automation,Industrials,38722000000.0,739898.0,49.32303295786306,26.37130706923157
406,406,ROL,"Rollins, Inc.",Industrials,21939000000.0,1514046.0,45.05882810308872,64.8917020177442
407,407,ROP,Roper Technologies,Information Technology,53230000000.0,502344.0,92.39258331404176,22.08346432332682
408,408,ROST,Ross Stores,Consumer Discretionary,38164000000.0,2385127.0,76.46168725189588,-0.3519948920785888
409,409,RCL,Royal Caribbean Group,Consumer Discretionary,26182000000.0,3809412.0,61.20648469011488,-63.262728216987576
410,410,SPGI,S&P Global,Financials,135791000000.0,1160283.0,150.84401185796898,21.987104748080217
411,411,CRM,Salesforce,Information Technology,222130000000.0,6630480.0,134.43498382896502,-19.112983272952576
412,412,SBAC,SBA Communications,Real Estate,24762000000.0,894875.0,126.59382944718676,16.238857413746867
413,413,SLB,Schlumberger,Energy,79590000000.0,10561458.0,-52.392173891935194,31.934843239197615
414,414,STX,Seagate Technology,Information Technology,12461000000.0,2083020.0,54.16017245685355,-12.038121714798544
415,415,SEE,Sealed Air,Materials,6633000000.0,1417969.0,-13.707025558389176,24.606551559308777
416,416,SRE,Sempra Energy,Utilities,47535000000.0,1170617.0,49.658181507021986,2.1211864245278806
417,417,NOW,ServiceNow,Information Technology,119532000000.0,1532832.0,275.52782728290214,36.25421134772873
418,418,SHW,Sherwin-Williams,Materials,69740000000.0,1390166.0,113.77807473949177,21.697294307972108
419,419,SPG,Simon Property Group,Real Estate,46152000000.0,1472624.0,-17.588922130842352,-21.370724531528328
420,420,SWKS,Skyworks Solutions,Information Technology,17981000000.0,1868004.0,60.90135178831301,-25.309404427625022
421,421,SJM,J.M. Smucker Company (The),Consumer Staples,15532000000.0,909685.0,-19.733868232021468,52.17517611973805
422,422,SNA,Snap-on,Industrials,15739000000.0,294653.0,-1.7114928759451025,34.09038361349271
423,423,SEDG,SolarEdge,Information Technology,14869000000.0,1110075.0,649.0039726803849,192.03091650894007
424,424,SO,Southern Company,Utilities,79665000000.0,4118454.0,28.870799971872916,12.19167627682679
425,425,LUV,Southwest Airlines,Industrials,22166000000.0,7208635.0,7.301587686036497,-38.08385894150501
426,426,SWK,Stanley Black & Decker,Industrials,15100000000.0,1598266.0,43.263575789827726,-55.06101872405636
427,427,SBUX,Starbucks,Consumer Discretionary,117873000000.0,7128979.0,56.39420976577513,12.573756078428996
428,428,STT,State Street Corporation,Financials,22634000000.0,2735838.0,1.1139205739467959,-2.255545491129771
429,429,STLD,Steel Dynamics,Materials,16954000000.0,1560732.0,-5.230933014062053,184.01160643770055
430,430,STE,Steris,Health Care,22896000000.0,435732.0,124.73007109859896,21.044698010887164
431,431,SYK,Stryker Corporation,Health Care,112208000000.0,1282069.0,74.21751104323201,15.904997944179481
432,432,SYF,Synchrony Financial,Financials,14496000000.0,5812638.0,-1.9047639807876275,-9.075813045631548
433,433,SNPS,Synopsys,Information Technology,69081000000.0,1056272.0,134.68872115605856,127.5604120166745
434,434,SYY,Sysco,Consumer Staples,38172000000.0,2469843.0,55.09762025502203,-10.122267643401408
435,435,TMUS,T-Mobile US,Communication Services,169064000000.0,6535306.0,34.38899119047841,77.48479319823204
436,436,TROW,T. Rowe Price,Financials,27109000000.0,1310424.0,59.56248808219359,-10.862281227031142
437,437,TTWO,Take-Two Interactive,Communication Services,25455000000.0,1774162.0,147.92300356053883,-15.704688510958091
438,438,TPR,"Tapestry, Inc.",Consumer Discretionary,9723000000.0,3024843.0,-23.679678426715494,40.20619309643726
439,439,TRGP,Targa Resources,Energy,18231000000.0,1609635.0,-29.67109714791315,79.48717614315389
440,440,TGT,Target Corporation,Consumer Staples,61886000000.0,5542487.0,77.38782396574774,15.768204852256787
441,441,TEL,TE Connectivity,Information Technology,44431000000.0,1409482.0,37.32759184843024,18.533820196634355
442,442,TDY,Teledyne Technologies,Information Technology,19404000000.0,262835.0,180.94354444934476,14.662963058565454
443,443,TFX,Teleflex,Health Care,12155000000.0,281543.0,130.21943825109238,-33.744721670559024
444,444,TER,Teradyne,Information Technology,17837000000.0,1752061.0,169.54136228655136,26.88844148883586
445,445,TSLA,"Tesla, Inc.",Consumer Discretionary,824133000000.0,137655083.0,93.00940232038995,335.26503048051035
446,446,TXN,Texas Instruments,Information Technology,170786000000.0,5220533.0,73.61621893301779,27.94857505863402
447,447,TXT,Textron,Industrials,13640000000.0,1197130.0,-8.813279681025952,57.15872197732232
448,448,TMO,Thermo Fisher Scientific,Health Care,216848000000.0,1660340.0,128.27446445550856,68.9233136323332
449,449,TJX,TJX Companies,Consumer Discretionary,98352000000.0,4818214.0,61.911064439911954,29.789656118704567
450,450,TSCO,Tractor Supply,Consumer Discretionary,23633000000.0,1296279.0,20.80624145971645,140.1216729195833
451,451,TT,Trane Technologies,Industrials,44217000000.0,1295750.0,75.29349146721994,62.505062634310555
452,452,TDG,TransDigm Group,Industrials,48772000000.0,263498.0,123.59657693191684,12.277110934337468
453,453,TRV,Travelers Companies (The),Financials,39917000000.0,1225238.0,10.90436810889521,36.336532626700816
454,454,TRMB,Trimble Inc.,Information Technology,13069000000.0,1055474.0,37.24069526969387,21.043813309064905
455,455,TFC,Truist,Financials,44022000000.0,12635316.0,18.904103818290817,-23.719200681276124
456,456,TYL,Tyler Technologies,Information Technology,16910000000.0,248214.0,107.48260015277889,6.797173810988147
457,457,TSN,Tyson Foods,Consumer Staples,18644000000.0,3755443.0,44.590264084142646,-31.65349281012508
458,458,USB,U.S. Bank,Financials,58895000000.0,16606951.0,14.626112733987378,-26.668909172361452
459,459,UDR,"UDR, Inc.",Real Estate,23787000000.0,2080595.0,26.343071023903494,-17.10188670741338
460,460,ULTA,Ulta Beauty,Consumer Discretionary,22914000000.0,979396.0,-1.8930545950155577,84.44085947442856
461,461,UNP,Union Pacific Corporation,Industrials,132169999999.99998,2369770.0,72.42533318173855,14.434932752968086
462,462,UAL,United Airlines Holdings,Industrials,18894000000.0,6588027.0,18.832752058375075,-57.91001351860233
463,463,UPS,United Parcel Service,Industrials,160869000000.0,3605911.0,0.7964039344482298,47.72263416644878
464,464,URI,United Rentals,Industrials,31077000000.0,914861.0,56.06229597398085,111.04447817769417
465,465,UNH,UnitedHealth Group,Health Care,471596000000.0,3742441.0,82.3682723259572,80.34559251051864
466,466,UHS,Universal Health Services,Health Care,10489000000.0,681962.0,33.5549079272561,-2.336056596084099
467,467,VLO,Valero Energy,Energy,44463000000.0,4207303.0,33.54420298773878,34.0589710370825
468,468,VTR,Ventas,Real Estate,19815000000.0,2313288.0,-6.9192507785252575,-22.3275875223094
469,469,VRSN,Verisign,Information Technology,22412000000.0,460669.0,151.44464270164957,5.402492730722734
470,470,VRSK,Verisk,Industrials,33897000000.0,1155424.0,80.84325245058893,18.180599954166393
471,471,VZ,Verizon,Communication Services,142431000000.0,23975412.0,13.435878656429102,-35.80970863432287
472,472,VRTX,Vertex Pharmaceuticals,Health Care,93352000000.0,1303667.0,194.1958891883495,31.12059188913351
473,473,VFC,VF Corporation,Consumer Discretionary,7537000000.0,6416983.0,97.152188487331,-72.2985842103144
474,474,VTRS,Viatris,Health Care,12566000000.0,9435069.0,-49.50623561247949,-44.62686615318818
475,475,VICI,Vici Properties,Real Estate,32929000000.000004,4954009.0,26.40000343322754,26.463702047436698
476,476,V,Visa Inc.,Financials,501085000000.0,6482556.0,138.48399788787057,9.925923019489915
477,477,VMC,Vulcan Materials Company,Materials,29579000000.0,818558.0,13.08314641700234,20.76551766231142
478,478,WAB,Wabtec,Industrials,20306000000.0,1052591.0,-7.608048044021762,27.01704661853164
479,479,WBA,Walgreens Boots Alliance,Consumer Staples,26295000000.0,8963666.0,-29.109505500463044,-36.97705570230328
480,480,WMT,Walmart,Consumer Staples,426465000000.0,5693448.0,72.44368170085698,19.291597306103554
481,481,WBD,Warner Bros. Discovery,Communication Services,31499000000.0,22210338.0,18.438172459347477,-71.11517480077447
482,482,WM,Waste Management,Industrials,70139000000.0,1412606.0,60.23943189164282,37.50548682479957
483,483,WAT,Waters Corporation,Health Care,17062999999.999998,600753.0,72.66937961640501,45.82215862282361
484,484,WEC,WEC Energy Group,Utilities,29137000000.0,1383261.0,57.15259295990971,1.4718621081090142
485,485,WFC,Wells Fargo,Financials,168566000000.0,20329638.0,-3.7183397932621767,-23.32404440945297
486,486,WELL,Welltower,Real Estate,40911000000.0,2470882.0,20.71226553339483,-20.148610091359423
487,487,WST,West Pharmaceutical Services,Health Care,28013000000.0,394162.0,77.44440681164282,56.638939170393094
488,488,WDC,Western Digital,Information Technology,12254000000.0,3659359.0,-9.528638391469064,-50.85669667165865
489,489,WRK,WestRock,Materials,7776000000.0,2554161.0,-17.039922609559074,-20.596204117667735
490,490,WY,Weyerhaeuser,Real Estate,25176000000.0,4246385.0,-0.9923891551549584,2.6150312461723595
491,491,WHR,Whirlpool Corporation,Consumer Discretionary,8199000000.0,730864.0,-20.298704965843218,-5.022153622215583
492,492,WMB,Williams Companies,Energy,41236000000.0,7451233.0,-25.99680867419559,37.426903892815616
493,493,WTW,Willis Towers Watson,Financials,24857000000.0,554682.0,63.58029403535896,20.559968313585987
494,494,GWW,W. W. Grainger,Industrials,38578000000.0,283041.0,44.91046296520856,63.723325974981606
495,495,WYNN,Wynn Resorts,Consumer Discretionary,12197000000.0,2291675.0,59.83946073477721,-41.94706276361315
496,496,XEL,Xcel Energy,Utilities,35889000000.0,3431401.0,55.351002228798116,10.322582930048895
497,497,XYL,Xylem Inc.,Industrials,27236000000.0,2186922.0,57.637630953132835,39.6791240268089
498,498,YUM,Yum! Brands,Consumer Discretionary,38523000000.0,1753820.0,58.33857334046419,26.937561837602782
499,499,ZBRA,Zebra Technologies,Information Technology,15761000000.0,364258.0,193.4973379952123,-1.0114639731052282
500,500,ZBH,Zimmer Biomet,Health Care,29696000000.0,1429980.0,43.20786393553414,-12.438323951919797
501,501,ZION,Zions Bancorporation,Financials,5349000000.0,5914782.0,18.35847844342915,-6.111536909162704
502,502,ZTS,Zoetis,Health Care,84802000000.0,2002720.0,145.3786267500755,10.980688879133638
