Unnamed: 0,Symbol,GICS sector,Market Cap Type,Market Cap,Average Volume,Return from 2017-2019 (Pre-Covid),Return from 2020-2022 (Post-Covid),Difference in Returns
114,PTGX,Health Care,Small cap,1077291238,4339029,-67.83468205843873,53.87869693387661,121.71337899231534
1085,PEN,Health Care,Large cap,10606868944,353988,156.28526091244092,35.51413362036513,-120.77112729207579
8,ARGX,Health Care,Large cap,19961795705,325555,803.9106508374487,136.32562655033053,-667.5850242871181
400,ETON,Health Care,Micro cap,102850550,81504,11.111111940248945,-61.10344919665106,-72.2145611369
430,ACHV,Health Care,Micro cap,84452005,91884,-99.07308381296522,-76.8867928347752,22.186290978190016
243,ATXS,Health Care,Small cap,321287523,666153,-84.19354871788912,-59.048404583679726,25.14514413420939
145,VKTX,Health Care,Small cap,723803023,3119605,560.8332927690628,13.939389315518468,-546.8939034535443
19,KRTX,Health Care,Mid cap,6083607111,444772,285.94595419394005,158.21288296979753,-127.73307122414252
390,MNMD,Health Care,Micro cap,109668540,332332,-91.01123649254822,161.9047757584496,252.91601225099782
1243,ATRC,Health Care,Small cap,1768654311,382827,63.36533772309424,35.55283687509431,-27.812500847999935
783,MYGN,Health Care,Small cap,1919316338,829522,58.04528827504648,-46.98575161136807,-105.03103988641456
854,GSK,Health Care,Large cap,72111783971,2827273,22.127114819223426,-24.930573897187024,-47.05768871641045
1219,OMI,Health Care,Small cap,923740422,1790398,-85.76662836558606,276.30058711608064,362.0672154816667
1257,ZTEK,Health Care,Micro cap,150296313,35060,-59.70149193980643,453.5714091847138,513.2729011245202
829,BMRA,Health Care,Micro cap,32280472,14041,26.99114591459741,13.945572769809138,-13.045573144788273
84,BCRX,Health Care,Small cap,1530223232,3783349,-50.07751746000297,223.3802731390439,273.45779059904686
902,OGI,Health Care,Micro cap,202553204,1006455,-73.35722760377874,-67.99999952316284,5.357228080615897
1007,CVS,Health Care,Large cap,92931161341,8785145,-7.388797119275678,24.835901589499745,32.22469870877542
156,SVA,Health Care,Small cap,643779512,0,9.661011620521355,0.0,-9.661011620521355
1174,SSKN,Health Care,Micro cap,33681355,11489,-2.272725056025656,-61.65048333002711,-59.37775827400145
585,TFFP,Health Care,Micro cap,26605537,171449,-0.3853560829674596,-80.3738323171354,-79.98847623416793
552,ELDN,Health Care,Micro cap,35306796,40175,-93.45555540956096,-78.5673992185034,14.888156191057561
682,PSTV,Health Care,Micro cap,9627130,259818,-99.6864516063403,-86.6666661368476,13.019785469492703
701,PBLA,Health Care,Micro cap,7122786,1562893,-66.92913385826772,-98.46315792150664,-31.534024063238917
397,CAPR,Health Care,Micro cap,105819095,131420,-95.3308825540295,196.92307974459868,292.25396229862815
745,CFRX,Health Care,Micro cap,2246246,284702,-64.86486486486487,-98.5000000335276,-33.63513516866273
1247,BLFS,Health Care,Small cap,920324191,330507,891.3579888068365,11.246944278374023,-880.1110445284625
1143,SMLR,Health Care,Micro cap,175992505,37265,3211.0342581178647,-33.198382630185804,-3244.2326407480505
57,INSM,Health Care,Mid cap,2238412072,1270593,74.46016212036946,-16.331657267968993,-90.79181938833845
1250,UTMD,Health Care,Small cap,327643297,19824,47.42975675251122,-7.208785141764212,-54.63854189427543
1066,AMS,Health Care,Micro cap,17351460,36646,-23.03030307408973,19.591837131892667,42.6221402059824
894,EGRX,Health Care,Small cap,334117024,422732,-25.380017697989484,-51.797493673415104,-26.41747597542562
1080,BIO,Health Care,Large cap,13544591575,198985,102.0332318999752,13.010644326258904,-89.02258757371631
1131,RCEL,Health Care,Small cap,325560627,193202,404.3956000193669,-85.44652673274322,-489.8421267521101
869,PRGO,Health Care,Mid cap,4485139037,1455440,-38.6885621728022,-33.97249768092566,4.716064491876537
555,PTN,Health Care,Micro cap,34573308,64546,52.94117647058823,-86.87179516523312,-139.81297163582136
666,DFFN,Health Care,Micro cap,11522847,5631,-98.7905604719764,-78.91666690508525,19.873893566891155
106,SMMT,Health Care,Small cap,1186065121,4126255,-82.20902598366068,165.62499604187911,247.8340220255398
540,ORGS,Health Care,Micro cap,39040235,79710,12.365585919101372,-59.45945798583784,-71.8250439049392
1020,CHE,Health Care,Mid cap,7650057714,75429,175.05612171415189,15.81204428587176,-159.24407742828012
376,MIST,Health Care,Micro cap,119658147,121609,-0.5124915148337903,-75.47987534561099,-74.96738383077721
21,EXEL,Health Care,Mid cap,5940520887,4200049,17.040943933463012,-9.429690882420728,-26.47063481588374
710,KPRX,Health Care,Micro cap,6084098,66595,-50.70707070707071,-99.1584887106488,-48.451418003578084
938,SISI,Health Care,Micro cap,12498100,24854,-84.16666599388054,-57.000900089388665,27.165765904491877
164,ANAB,Health Care,Small cap,604148136,263255,-0.3125011920928955,89.30970178599829,89.62220297809118
299,SELB,Health Care,Micro cap,222312427,2400712,-86.89855077992316,-53.112035062764924,33.78651571715823
602,AIM,Health Care,Micro cap,21132082,110997,-98.25428207926628,-45.61403398698715,52.64024809227912
92,VCEL,Health Care,Small cap,1364564792,486248,465.5737793339867,50.51428658621652,-415.05949274777015
1122,ZYXI,Health Care,Small cap,443137573,382678,2174.284553917719,92.46539976736344,-2081.8191541503556
1240,IRTC,Health Care,Mid cap,3602686945,424154,118.89842814844005,36.38613534177033,-82.51229280666972
719,ATXI,Health Care,Micro cap,5337046,1601519,23.42104995459841,-99.2019264410658,-122.62297639566421
819,OPGN,Health Care,Micro cap,75177900,538163,-99.79741379310344,-87.73913072503132,12.058283068072129
879,CGC,Health Care,Small cap,949351668,5115077,173.0311101256877,-89.28571428571429,-262.31682441140197
1076,EW,Health Care,Large cap,48215275206,4294330,147.78252418845466,-2.682604671398815,-150.46512885985348
492,TCRR,Health Care,Micro cap,54893027,2349040,-7.436918072485781,-93.14951999373636,-85.71260192125058
1204,NUWE,Health Care,Micro cap,5793274,111554,-99.97470238095238,-99.59393938382466,0.380762997127718
794,CDNA,Health Care,Small cap,473944881,3383838,623.1034008189431,-47.660549326924645,-670.7639501458677
597,HARP,Health Care,Micro cap,22744350,317380,12.214285986764091,-95.17607972248268,-107.39036570924678
942,AGRX,Health Care,Micro cap,9828716,372409,-57.36568457538995,-99.77832030504942,-42.41263572965947
377,ESPR,Health Care,Micro cap,119453615,7643007,367.34374065184977,-89.67517400842053,-457.0189146602703
712,KTRA,Health Care,Micro cap,5997592,67654,-97.9215439117924,-80.02898589424466,17.892558017547742
1043,CYH,Health Care,Small cap,623679534,2232329,-50.61511573776303,46.44068141806843,97.05579715583146
1095,ITGR,Health Care,Mid cap,2508993793,446045,168.777227241641,-15.668885406362998,-184.44611264800398
778,SYNH,Health Care,Mid cap,3440002282,1518067,12.570883779518292,-38.86666615804037,-51.43754993755866
291,ATNM,Health Care,Micro cap,234446415,301328,-75.05494456741681,56.38766091066096,131.44260547807778
1077,ZBH,Health Care,Large cap,26114172790,1305226,43.20786393553414,-12.438323951919797,-55.64618788745394
119,RYTM,Health Care,Small cap,976058324,841137,-9.74460265320056,25.84270357526493,35.58730622846549
1021,DVA,Health Care,Mid cap,6801696000,771621,14.426945127398756,-0.7839542260670838,-15.210899353465841
975,HSTM,Health Care,Small cap,798195263,165529,7.973027774205019,-9.044303777577024,-17.017331551782043
883,CRON,Health Care,Small cap,734510528,2680123,-19.66019333201084,-67.9292937198861,-48.26910038787526
748,CYTO,Health Care,Micro cap,1909808,247674,-99.21759261025323,-84.4551288909147,14.762463719338541
408,XBIT,Health Care,Micro cap,98927644,23660,88.89969575283438,-81.27001049448879,-170.16970624732318
592,AGE,Health Care,Micro cap,24286177,13343,44.24778779733619,-70.48128423721067,-114.72907203454686
1105,AVNS,Health Care,Small cap,1304449543,329485,-9.86257016226289,-20.01182973303209,-10.149259570769201
851,SNY,Health Care,Large cap,130446064833,1262224,23.742595974760924,-4.250694835995175,-27.9932908107561
426,ORMP,Health Care,Micro cap,86330874,659928,-18.688522693579667,131.34615719671092,150.0346798902906
331,AADI,Health Care,Micro cap,177840403,115096,-87.09677419354838,35.76719770012099,122.86397189366937
707,NBSE,Health Care,Micro cap,6266362,192658,-76.87096872637349,-97.47745369772156,-20.606484971348067
871,BHC,Health Care,Mid cap,2634399994,3516910,100.40845047654828,-79.22593349353464,-179.63438397008292
714,BNTC,Health Care,Micro cap,5973978,410593,-69.47712469904201,-97.88161981471504,-28.40449511567303
607,ABVC,Health Care,Micro cap,20232044,68553,-85.97222169240315,-85.69794012889226,0.27428156351089683
436,IFRX,Health Care,Micro cap,82356031,48594,-73.79999955495198,-23.645321469875224,50.15467808507675
173,BTAI,Health Care,Small cap,529424032,876948,-5.535395508280697,48.13792787749192,53.67332338577262
61,XENE,Health Care,Mid cap,2142661314,484349,70.32257818406627,198.4859969062257,128.1634187221594
817,STIM,Health Care,Micro cap,79758966,474424,-82.07999992370605,51.99114855197109,134.07114847567715
810,VNRX,Health Care,Micro cap,102216761,132744,-0.6382922167795148,-49.37500062088169,-48.73670840410218
80,VCYT,Health Care,Small cap,1595949948,827278,265.8064565350932,-15.940489100140873,-281.7469456352341
629,NMTR,Health Care,Micro cap,16971680,63154,-96.97802197802196,-89.2857145753384,7.692307402683554
3,SGEN,Health Care,Large cap,37002973603,1468401,114.2160575289547,13.0354400098352,-101.18061751911951
808,DRIO,Health Care,Micro cap,106074745,159345,86.11111703887069,-34.355824810905176,-120.46694184977586
17,APLS,Health Care,Mid cap,7035797991,1929468,103.51724295780576,67.02196580621583,-36.49527715158993
1115,VRAY,Health Care,Small cap,610865946,1502527,38.498398710803,6.161143170815847,-32.337255539987154
118,SAVA,Health Care,Small cap,999898968,756413,50.73891556188624,308.57539194464414,257.8364763827579
670,ADIL,Health Care,Micro cap,10899031,513076,-33.99999737739563,-91.30434777487142,-57.30435039747579
1053,IONM,Health Care,Micro cap,78832320,346470,-52.96296366938838,-78.86178972101925,-25.89882605163087
792,CSTL,Health Care,Small cap,588915651,227281,75.20000457763672,-32.64663690511598,-107.8466414827527
301,KALV,Health Care,Micro cap,222101347,416050,128.00566404293826,-62.79581617778043,-190.8014802207187
913,SCTL,Health Care,Micro cap,93381413,457651,161.97625855921154,-91.92849358920049,-253.90475214841203
77,XNCR,Health Care,Small cap,1663433406,442319,27.40187600394276,-24.84848551571072,-52.25036151965348
604,ASLN,Health Care,Micro cap,20895050,89035,-66.99187115925115,-82.77511975913745,-15.783248599886306
1224,RMD,Health Care,Large cap,30937653284,684711,148.9371982872316,33.93179733420893,-115.00540095302267
803,ANIX,Health Care,Micro cap,133286181,96436,-41.27272692593661,29.179332804802577,70.4520597307392
502,HEPA,Health Care,Micro cap,51454991,210195,-99.2465156572898,-94.45471333712688,4.79180232016293
638,NNVC,Health Care,Micro cap,15241850,18161,-87.73584994780883,-58.73605982551306,28.99979012229577
27,ALKS,Health Care,Mid cap,4233019917,1274236,-63.66426244345262,27.5256195834533,91.18988202690592
1177,VAPO,Health Care,Micro cap,28177678,122619,-25.16128786148564,-77.95918328421456,-52.79789542272892
97,IOVA,Health Care,Small cap,1289373572,3257672,288.59155666447435,-77.14592247596237,-365.73747914043673
333,XERS,Health Care,Micro cap,175729411,1277426,-54.03174748496404,-81.42458001034657,-27.39283252538253
867,RDY,Health Care,Mid cap,9075521054,199538,-9.825179822167064,27.840910536584108,37.66609035875117
581,LUMO,Health Care,Micro cap,27288049,12545,-77.92706395896381,40.46692563687217,118.39398959583599
280,PRQR,Health Care,Micro cap,246666185,963347,92.85713521106612,-62.99999952316284,-155.85713473422896
448,ONCY,Health Care,Micro cap,77905428,238719,114.40443202319568,-63.85809506631102,-178.2625270895067
845,ABBV,Health Care,Large cap,273971219521,7552780,40.68658490005517,81.42119138799993,40.73460648794475
928,CPIX,Health Care,Micro cap,27927078,9525,-13.513513049099448,-56.22567979678944,-42.71216674768999
908,PRPH,Health Care,Micro cap,121757675,50282,1.4925358971198917,401.5625171712604,400.06998127414056
229,STOK,Health Care,Small cap,347442297,331214,1.2862932497100072,-67.929119798391,-69.21541304810101
511,NRXP,Health Care,Micro cap,47403947,187390,10.93749161809716,-89.52830212869097,-100.46579374678812
497,FIXX,Health Care,Micro cap,53064160,260022,-9.608691671620244,-93.9130437486789,-84.30435207705865
407,LIFE,Health Care,Micro cap,99944658,293676,-86.76190451970176,-48.71194222475692,38.04996229494484
127,ETNB,Health Care,Small cap,884786720,2114819,35.55000305175781,-53.26725532599452,-88.81725837775232
983,CPSI,Health Care,Small cap,410768782,115080,11.21848807514377,2.446366676687964,-8.772121398455806
753,QNRX,Health Care,Micro cap,11352,518405,-86.20689655172414,-98.73777770996094,-12.530881158236795
565,CRVS,Health Care,Micro cap,31661043,79450,-66.62116045176953,-84.65703917518533,-18.035878723415806
1083,BRKR,Health Care,Large cap,10982779272,976907,137.92451326174057,32.12835700552235,-105.79615625621821
416,RUBY,Health Care,Micro cap,91115232,7315896,-67.32218881601038,-98.15983183167238,-30.837643015661996
65,BBIO,Health Care,Mid cap,2055645938,2617001,15.779150343185664,-78.33380641945142,-94.11295676263708
527,ABEO,Health Care,Micro cap,41737192,154776,-31.5686274509804,-96.56824521035536,-64.99961775937496
1176,PETV,Health Care,Micro cap,31832956,56408,13.142819920376736,2.083337601895229,-11.059482318481507
179,FATE,Health Care,Small cap,513386334,6646021,641.7625053061838,-48.88551028581726,-690.6480155920011
912,INCR,Health Care,Micro cap,97489362,96544,-56.17529768839413,153.84615948919733,210.02145717759146
1073,SYK,Health Care,Large cap,103905834976,1345688,74.21751104323201,15.90499794417948,-58.31251309905253
315,WINT,Health Care,Micro cap,198456012,56533,-85.0,-98.66666666666669,-13.666666666666686
832,CNTG,Health Care,Micro cap,18136467,8948,-29.894738448293584,-90.85545722540978,-60.9607187771162
364,GTHX,Health Care,Micro cap,134309882,1083719,76.2000020345052,-79.74636353411148,-155.94636556861667
1032,AMED,Health Care,Mid cap,2271706514,486947,290.0350311184942,-50.22344038366721,-340.2584715021614
926,CRDL,Health Care,Micro cap,32209012,80821,-5.932659432385398,-85.71428571428571,-79.78162628190032
369,AKBA,Health Care,Micro cap,126283610,2343857,-38.273921032902656,-90.95611267108777,-52.68219163818511
903,AMRX,Health Care,Micro cap,198466087,1215975,-73.52941176470588,-60.040160604116295,13.489251160589589
85,MORF,Health Care,Small cap,1487669613,521823,-1.8333329094780817,55.88578227192789,57.71911518140597
1114,SIBN,Health Care,Small cap,674523139,423777,0.999995640345982,-37.12436010567223,-38.12435574601821
513,MGTA,Health Care,Micro cap,46894195,329120,-1.6118632902046277,-97.34923789320264,-95.73737460299802
605,EDSA,Health Care,Micro cap,20861012,118053,-95.423925520272,-47.31706985187693,48.10685566839506
842,MOTS,Health Care,Micro cap,2427138,30010,-55.59999847412109,-98.2127660132469,-42.61276753912582
1038,MD,Health Care,Small cap,1155818706,860626,-59.362847998407936,-46.71925427795945,12.643593720448486
204,LXRX,Health Care,Small cap,426520179,548716,-70.9269667624404,-53.97590547639995,16.95106128604045
1203,DYNT,Health Care,Micro cap,6387597,5878,-65.95744680851064,-54.11764593685375,11.839800871656891
796,BNGO,Health Care,Small cap,333800510,5907036,-80.16666571299235,10.60605910089287,90.77272481388522
202,MGNX,Health Care,Small cap,429778027,726211,-49.56689511097363,-38.999999653209336,10.566895457764296
544,BCEL,Health Care,Micro cap,38498821,154416,-20.65326500232764,-94.88832166466864,-74.235056662341
149,IDYA,Health Care,Small cap,689517914,355978,-43.64285809653146,153.0640739652816,196.70693206181306
708,ALRN,Health Care,Micro cap,6130575,71951,-95.78181804310192,-79.56896717568209,16.21285086741983
78,CLDX,Health Care,Small cap,1656972334,591048,-95.86854451139207,1889.73212076199,1985.600665273382
787,OPK,Health Care,Small cap,973540023,5419768,-84.06113468921669,-16.107383087290163,67.95375160192653
899,ORGO,Health Care,Micro cap,254481828,3441070,-50.86294451629544,-44.53608020381496,6.326864312480481
401,XFOR,Health Care,Micro cap,102654290,864120,-86.16666671557304,-90.82255084177186,-4.6558841261988135
1127,VMD,Health Care,Small cap,401953534,149723,-17.254903989618537,20.209888718536348,37.46479270815489
705,XBIO,Health Care,Micro cap,6369970,46138,-97.42592599656848,-80.34482824391333,17.081097752655154
525,PPBT,Health Care,Micro cap,42063276,28116,-76.3664597726559,-82.30769280145859,-5.941233028802685
939,YCBD,Health Care,Micro cap,12425097,326354,-52.32558208305342,-90.25751044230188,-37.93192835924846
1071,RHE,Health Care,Micro cap,6174484,12767,-86.20689544924684,138.8489185187345,225.05581396798135
487,CSBR,Health Care,Micro cap,56268398,19640,211.1538634356669,-45.72803849401176,-256.88190192967863
43,RETA,Health Care,Mid cap,2823237040,2174341,833.835607621626,-81.59577462675215,-915.4313822483781
1015,HCA,Health Care,Large cap,70081642967,1253283,98.42657590190709,61.960043724833454,-36.46653217707363
596,EVLO,Health Care,Micro cap,22818318,155500,-73.68750095367432,-60.82724822579445,12.860252727879868
396,BCTX,Health Care,Micro cap,106143243,138001,-80.0,-51.4444457160102,28.5555542839898
1091,CNMD,Health Care,Mid cap,2939535931,413863,147.72675661890534,-20.88539926335895,-168.6121558822643
50,SAGE,Health Care,Mid cap,2535012460,571905,37.752539265616846,-47.5594697796581,-85.31200904527495
339,PDSB,Health Care,Micro cap,168475433,429694,-98.94405041980608,399.9999729069807,498.9440233267868
469,ENLV,Health Care,Micro cap,67386924,12335,-79.69047682625907,-56.09810650468592,23.59237032157315
588,EVGN,Health Care,Micro cap,25588057,69085,-71.56862598435319,-57.31707352531021,14.251552459042983
1094,INMD,Health Care,Mid cap,2526186586,1378001,182.7155996900086,78.50000381469727,-104.21559587531132
158,IBRX,Health Care,Small cap,636319951,6156202,-33.101044123887284,32.375986231233405,65.47703035512069
1230,TFX,Health Care,Large cap,11329502368,440841,130.21943825109238,-33.744721670559024,-163.9641599216514
1269,MBOT,Health Care,Micro cap,16633031,24696,-88.46994514673786,-71.27862479065574,17.191320356082116
704,ONCS,Health Care,Micro cap,6625879,4908231,-85.79365084607569,-95.91638314907064,-10.122732302994947
1216,HSIC,Health Care,Large cap,10257181027,896062,9.84310531571607,18.871855699415264,9.028750383699194
0,NVO,Health Care,Large cap,260652723120,1565762,59.34308659025971,132.10425853271084,72.76117194245114
1228,STE,Health Care,Large cap,18012183649,624352,124.73007109859896,21.044698010887164,-103.6853730877118
1069,OTRK,Health Care,Micro cap,12822063,344163,191.2962826747138,-97.77108435984498,-289.0673670345588
107,LGND,Health Care,Small cap,1174191004,144230,1.3547794788147038,1.8358604042189093,0.48108092540420544
405,GOSS,Health Care,Micro cap,101633479,7534538,-19.210524308054072,-86.17834329518048,-66.9678189871264
1005,WORX,Health Care,Micro cap,4189352,21595,-96.0201873811242,-87.0163933099902,9.003794071133996
93,RCKT,Health Care,Small cap,1348911920,1086711,162.72727656955553,-14.876033537809848,-177.6033101073654
1225,WST,Health Care,Large cap,24646478925,583105,77.44440681164282,56.63893917039309,-20.805467641249734
825,XGN,Health Care,Micro cap,37857816,17508,54.702386615498256,-90.53254414496271,-145.23493076046097
578,OCX,Health Care,Micro cap,27513502,1204345,-70.20978900656281,-86.28205036113793,-16.07226135457512
777,NEOG,Health Care,Mid cap,3953461836,1638198,31.176742706775048,-53.31800906594229,-84.49475177271734
647,HGEN,Health Care,Micro cap,13983861,2158873,-87.7750615807769,-95.10204102113217,-7.3269794403552595
723,FWBI,Health Care,Micro cap,4819197,35648,-76.2979683972912,-99.72190476328878,-23.423936365997577
337,MACK,Health Care,Micro cap,169208084,78937,-90.07999977649688,261.5141880862314,351.5941878627283
943,EVOK,Health Care,Micro cap,8758843,10948,-19.90050156466636,-86.21399180487667,-66.31349024021031
255,TMBR,Health Care,Micro cap,298910629,236117,-95.77297286299972,-99.32950191570882,-3.556529052709095
651,AEZS,Health Care,Micro cap,13207994,17158,-73.2394366197183,-86.17391275322956,-12.934476133511254
259,SGMO,Health Care,Micro cap,286421639,2553546,162.90322158884914,-62.75207602333889,-225.655297612188
920,SCYX,Health Care,Micro cap,58945871,185578,-72.65625,-83.04347853128762,-10.387228531287619
726,HSTO,Health Care,Micro cap,4314477,5784329,-92.85714285714286,-98.96250002086164,-6.105357163718779
643,CLRB,Health Care,Micro cap,15000381,212519,-81.91999969482421,-92.3660711282674,-10.44607143344318
466,CRDF,Health Care,Micro cap,69249612,175799,-99.18604653383504,11.1111100598828,110.29715659371784
14,UTHR,Health Care,Large cap,10002083729,909254,-39.69608201038258,214.75948063467928,254.45556264506186
844,LLY,Health Care,Large cap,316106512334,3792061,77.57641157208033,177.6352618016487,100.05885022956838
730,BXRX,Health Care,Micro cap,4033695,263208,34.23076923076923,-99.96731757382572,-134.19808680459496
700,ENSC,Health Care,Micro cap,7210778,1622942,8.777422902724398,-99.63976943836904,-108.41719234109344
493,ENOB,Health Care,Micro cap,53755828,148359,-15.762716782089544,-79.5228642459835,-63.76014746389396
130,RGNX,Health Care,Small cap,866665281,488371,115.43766466059463,-45.08474400933188,-160.5224086699265
187,AGEN,Health Care,Small cap,492119647,6355801,-4.066975912640822,-41.17647128877903,-37.109495376138206
169,ACRS,Health Care,Small cap,543547657,926279,-93.1275263958554,720.3125183354136,813.440044731269
1267,ECOR,Health Care,Micro cap,20297686,21210,-91.77777749520762,-83.93749992052715,7.840277574680471
782,PACB,Health Care,Mid cap,2283013416,4180410,35.60209211682685,58.22050646930589,22.618414352479036
901,ZOM,Health Care,Micro cap,210678429,4750378,-85.99999959418112,-51.48809383899952,34.5119057551816
1227,BAX,Health Care,Large cap,19238102968,6258672,87.99008178734807,-40.03529268152573,-128.0253744688738
1256,INFU,Health Care,Micro cap,154817263,50776,217.6923281483404,0.9302316297384028,-216.762096518602
611,FBRX,Health Care,Micro cap,19931426,32303,-95.06329122465624,-87.87878787878788,7.1845033458683645
738,XTLB,Health Care,Micro cap,3345311,2307,-54.37499948777259,-11.678829639745178,42.69616984802741
304,GRTS,Health Care,Micro cap,215648466,642061,-44.473686274399086,-61.92053103867654,-17.446844764277458
872,SNDL,Health Care,Mid cap,2556748120,4629809,-80.95238109189881,-93.25806479300222,-12.305683701103405
200,LQDA,Health Care,Small cap,445702483,632751,-62.77551067118742,45.10250750095286,107.87801817214029
556,SLS,Health Care,Micro cap,34529055,620143,-99.86030150498178,-43.94299587382957,55.91730563115221
1075,BSX,Health Care,Large cap,68905505471,7773188,107.13629420238884,1.6923086983816964,-105.44398550400714
727,CWBR,Health Care,Micro cap,4273181,8617,-72.93929146008533,-96.5337423321857,-23.594450872100367
1028,SGRY,Health Care,Mid cap,3988777211,856493,-3.9252286025776897,74.34293747453188,78.26816607710957
453,OCUP,Health Care,Micro cap,74905254,71761,-88.9999998940362,-55.87500035762787,33.124999536408325
1079,PODD,Health Care,Large cap,21661717633,791073,344.0220472302337,71.91661130855874,-272.10543592167494
49,ARWR,Health Care,Mid cap,2564784660,1425556,4015.384570710521,-36.24646014735573,-4051.631030857877
125,MRUS,Health Care,Small cap,893460350,282200,-31.094413126141585,9.716310982229055,40.81072410837064
725,PTE,Health Care,Micro cap,4557621,29989,-22.727273055672978,-75.37218169753844,-52.644908641865456
1254,KRMD,Health Care,Micro cap,183442231,25482,1180.1980621054438,-45.57926883563125,-1225.777330941075
96,TVTX,Health Care,Small cap,1319502896,1506586,-25.678497471170267,47.26891512532169,72.94741259649196
109,DCPH,Health Care,Small cap,1123260330,1077939,210.2692090502649,-73.67068371140813,-283.93989276167304
288,PGEN,Health Care,Micro cap,236356885,1951446,-77.50511317636959,-72.85714273550072,4.647970440868875
180,EDIT,Health Care,Small cap,511758795,1414436,78.89630327144417,-70.29470963076899,-149.19101290221317
657,ARDS,Health Care,Micro cap,12331788,454296,-59.447004422646174,-74.34782669539715,-14.900822272750972
212,ARCT,Health Care,Small cap,400987793,374974,-31.216933219270857,56.02575218978804,87.2426854090589
1223,ALC,Health Care,Large cap,33429930000,1326706,-3.071617895702426,21.32743902965985,24.399056925362274
505,PMCB,Health Care,Micro cap,49713647,41309,-73.11827949875433,-95.52056275383686,-22.402283255082523
176,ZYME,Health Care,Small cap,524498141,755256,232.22221091941552,-82.78203752291535,-315.0042484423309
1152,APYX,Health Care,Micro cap,99295749,295158,4.522608730552862,-72.17598149078009,-76.69859022133295
319,FENC,Health Care,Micro cap,194878546,55774,-50.19920394412335,45.01511400946154,95.2143179535849
1195,NSPR,Health Care,Micro cap,9085811,11727,-99.2063492063492,-94.5396824488564,4.666666757492806
571,KALA,Health Care,Micro cap,29632992,1693217,-78.26347305389221,-79.76127240006424,-1.4977993461720303
134,IMGN,Health Care,Small cap,843151983,3391618,145.4106322480834,-4.061896229168119,-149.47252847725153
42,ACAD,Health Care,Mid cap,2972056971,2434084,48.1634091687227,-62.86447288793056,-111.02788205665325
874,PCRX,Health Care,Small cap,1773764570,718371,35.03805988087925,-14.918466942303336,-49.956526823182585
420,MTNB,Health Care,Micro cap,88752559,286131,58.99281013604868,-79.07949882621251,-138.0723089622612
855,MRNA,Health Care,Large cap,57628000036,3453513,-13.409094376997514,817.8334078599529,831.2425022369504
1263,PDEX,Health Care,Micro cap,60245365,4328,243.3467853965545,-9.607734618518348,-252.95452001507286
257,MIGI,Health Care,Micro cap,293501495,85346,-99.12499997350903,-87.89473647886365,11.230263494645385
1207,RMED,Health Care,Micro cap,4010796,117345,-94.27906976744184,-99.57163637334652,-5.292566605904682
755,TMO,Health Care,Large cap,213986924450,1245827,128.27446445550856,68.9233136323332,-59.35115082317536
15,NBIX,Health Care,Mid cap,9242497204,752748,176.2567701286494,10.592594853153935,-165.66417527549547
800,CELC,Health Care,Micro cap,217972535,128340,-20.71428993121284,22.465041457741265,43.179331388954104
446,SNGX,Health Care,Micro cap,79303368,28570,-37.82608474510303,-68.96551724137932,-31.139432496276285
178,IMTX,Health Care,Small cap,516762149,212362,207899.9970197677,-16.24999656127037,-207916.24701632897
115,MNKD,Health Care,Small cap,1066251853,3377833,-60.89552298291115,296.24058728409784,357.136110267009
853,GILD,Health Care,Large cap,98222001929,6312042,-10.243290583128765,31.00869841805031,41.251989001179076
1093,TNDM,Health Care,Mid cap,2692755902,2388483,167.40909923206675,-24.883020306951806,-192.29211953901856
1189,STRR,Health Care,Micro cap,12711904,36104,-94.86274532243316,-67.1814651733501,27.68128014908305
1239,ICUI,Health Care,Mid cap,3686131507,209442,25.20945780986064,-15.876069286967043,-41.08552709682768
122,QURE,Health Care,Small cap,937300576,658949,1171.6312574204617,-68.63585990708773,-1240.2671173275494
277,ACET,Health Care,Micro cap,248709305,850463,-92.8034368743387,-14.285720816835289,78.5177160575034
664,BRTX,Health Care,Micro cap,11665115,4378007,-99.79076922490049,-87.02830235361415,12.762466871286335
148,COGT,Health Care,Small cap,702265772,816758,-93.9659575198559,290.54054968369263,384.50650720354855
772,QDEL,Health Care,Mid cap,5664277353,440135,238.4721794807201,13.862308082544695,-224.6098713981754
475,VTVT,Health Care,Micro cap,63508318,296366,-63.465552944952286,-61.22807176538497,2.237481179567318
55,CORT,Health Care,Mid cap,2277754561,1142595,65.43210538716103,67.43610283863948,2.0039974514784546
1135,INGN,Health Care,Micro cap,291713590,374747,0.7423905142212031,-71.30169045298142,-72.04408096720262
774,LNTH,Health Care,Mid cap,5430328672,1146807,134.21966615443878,146.54087516389404,12.32120900945526
921,HEXO,Health Care,Micro cap,54228795,531916,2.3753751021679945,-98.9069264352984,-101.2823015374664
12,TECH,Health Care,Large cap,11311232384,909753,110.59461767875344,50.30830281252638,-60.28631486622706
361,ARAV,Health Care,Micro cap,135847810,482595,-84.6799113154449,-90.4139432928787,-5.734031977433801
916,SLDB,Health Care,Micro cap,73728880,50360,-83.29411724813623,-92.08241301535467,-8.788295767218443
228,CMMB,Health Care,Small cap,349174059,98526,-87.85217430280602,-86.2068967997815,1.6452775030245164
946,ACRX,Health Care,Micro cap,5362799,276531,-21.481478655779803,-94.69483551311352,-73.21335685733371
1237,MMSI,Health Care,Mid cap,4064994829,381921,15.69811263174381,124.83286561493078,109.13475298318697
1029,AMN,Health Care,Mid cap,3396192521,765750,59.10024925956631,64.30168853686553,5.201439277299215
941,ALIM,Health Care,Micro cap,9933555,15792,59.99999576144748,-64.62140871892403,-124.62140448037151
579,LPCN,Health Care,Micro cap,27438345,320422,-90.34666697184244,2.051277182774197,92.39794415461664
278,MGTX,Health Care,Micro cap,247224616,220049,32.57827658282931,-67.88177228586628,-100.4600488686956
1164,SDC,Health Care,Micro cap,54134448,1558892,-60.07770662403,-96.00907017832196,-35.93136355429196
380,LMNL,Health Care,Micro cap,118272154,10984,-99.49882354736329,-96.17647058823528,3.322352959128011
37,DNLI,Health Care,Mid cap,3131284870,984626,-19.860783901729143,58.37130018073106,78.2320840824602
572,ABIO,Health Care,Micro cap,29252590,30957,-89.17624518622847,-59.6938802817621,29.482364904466372
632,ACER,Health Care,Micro cap,16264991,1217264,-60.55652072928124,-37.56218899571333,22.99433173356791
1202,HSDT,Health Care,Micro cap,6894857,250581,-86.24999939449249,-99.09104367924176,-12.841044284749273
1118,CUTR,Health Care,Small cap,503921630,1010691,105.3025829897266,22.22222456525842,-83.08035842446819
1180,NMTC,Health Care,Micro cap,24873198,273662,-43.48894288443756,-83.26359783940231,-39.774654954964745
172,ALDX,Health Care,Small cap,530701731,524191,11.214951688373452,17.966100434673432,6.751148746299981
834,ONVO,Health Care,Micro cap,17080596,49068,-89.83050918232075,-80.94594664256707,8.884562539753688
136,KURA,Health Care,Small cap,839741328,588267,137.62712256177608,-10.590779934500164,-148.21790249627625
1150,FONR,Health Care,Micro cap,101602820,7898,-0.8762890702923858,-13.659792116691984,-12.783503046399598
1016,FMS,Health Care,Large cap,11890116077,1183357,-12.971301028023415,-55.60988985878159,-42.63858883075818
1141,XAIR,Health Care,Micro cap,189274321,333280,55.93219763655262,20.18517882408604,-35.74701881246658
1149,CTSO,Health Care,Micro cap,144961190,57302,-30.363637750799004,-60.15424394559325,-29.790606194794247
532,TARA,Health Care,Micro cap,40794765,31420,-77.43589694683368,-83.65853579820158,-6.222638851367904
849,NVS,Health Care,Large cap,198331040503,2271007,44.76306909633425,-4.192629758521491,-48.95569885485574
86,SNDX,Health Care,Small cap,1475621852,1074786,22.91667522103721,186.92222199882613,164.00554677778894
906,RDHL,Health Care,Micro cap,160829226,3336305,-44.824396999292766,-97.74557164161354,-52.92117464232077
1136,ARAY,Health Care,Micro cap,265475347,320508,-39.78494849697342,-26.666667224370965,13.118281272602456
294,OMER,Health Care,Micro cap,231838143,323339,44.92032117547389,-84.02826818805245,-128.94858936352634
129,MIRM,Health Care,Small cap,875528832,306281,91.92308279184196,-19.950740921929,-111.87382371377096
1217,PBH,Health Care,Mid cap,3029953995,365667,-21.750714502608112,53.99753044109535,75.74824494370347
763,LH,Health Care,Large cap,18996525000,675075,30.33212484452736,38.55024010996998,8.218115265442616
1059,AIH,Health Care,Micro cap,40224400,4838,-49.14979744267028,-79.84375089639796,-30.693953453727687
35,CYTK,Health Care,Mid cap,3200277579,1395454,-16.585365286332955,330.6390809806604,347.22444626699337
75,FGEN,Health Care,Small cap,1758395023,1318436,101.90697603447492,-62.84786443740424,-164.75484047187916
519,BYSI,Health Care,Micro cap,44378971,112333,-21.100001335144043,-87.90218790317518,-66.80218656803113
564,ERYP,Health Care,Micro cap,32066980,4560,-71.92622946014137,-95.38966470754964,-23.46343524740827
866,TEVA,Health Care,Mid cap,9475059146,9330484,-73.50776606474713,-7.598784282635446,65.90898178211168
225,BLUE,Health Care,Small cap,360716346,4624445,40.19215479524018,-87.88332976764849,-128.07548456288868
801,TTOO,Health Care,Micro cap,176271364,464701,-79.19847328244275,-97.6134454502779,-18.414972167835145
951,VEEV,Health Care,Large cap,24530488891,1149027,243.5991451580272,13.647890762544014,-229.95125439548318
1072,ABT,Health Care,Large cap,168650302450,5660540,124.69583394187777,27.573790413806456,-97.12204352807132
1000,UPH,Health Care,Micro cap,23183824,42106,2.577319587628866,-98.36180905001846,-100.93912863764733
1160,XTNT,Health Care,Micro cap,73113478,95676,-75.30864168005625,-57.419351836769096,17.88928984328716
264,STRO,Health Care,Micro cap,271858954,607362,-26.98412668377604,-27.46858460781685,-0.4844579240408109
742,NVIV,Health Care,Micro cap,2716852,95146,-99.73333333333332,-98.57575763355602,1.157575699777297
113,VRDN,Health Care,Small cap,1093897751,653956,-91.34230658324137,293.40065096458534,384.7429575478267
764,WAT,Health Care,Large cap,17575203372,443651,72.66937961640501,45.82215862282361,-26.847220993581402
512,BLRX,Health Care,Micro cap,47372406,294052,-83.33333390922361,-73.77777894337972,9.555554965843896
423,CELU,Health Care,Micro cap,86833972,599220,1.5306083225598954,-87.03517601425662,-88.56578433681652
9,BMRN,Health Care,Large cap,16808108726,1644346,1.5486113311800065,21.75293866325828,20.204327332078275
1009,HUM,Health Care,Large cap,61406290838,942184,81.28357956593344,39.50048952302695,-41.78309004290649
728,QLGN,Health Care,Micro cap,4252844,858108,-99.3586956521739,-96.98479524132802,2.3739004108458914
1266,POAI,Health Care,Micro cap,23630599,403279,-90.25270758122744,-88.84852939821386,1.4041781830135847
287,KZR,Health Care,Micro cap,237192593,1253219,-78.69999885559082,71.70732013672898,150.4073189923198
33,NTLA,Health Care,Mid cap,3272506972,1495404,11.969696564669992,135.9026333985,123.93293683383001
703,PHIO,Health Care,Micro cap,6661870,7189,-97.84210530574622,-96.22143198905562,1.620673316690599
482,BCLI,Health Care,Micro cap,57918720,138502,70.23809501283203,-61.86046714070932,-132.09856215354137
677,ATHE,Health Care,Micro cap,10189231,17423,-50.90908859715317,-57.3170721779119,-6.4079835807587315
5,GMAB,Health Care,Large cap,24326628122,525408,31.531962392924488,88.43931302542727,56.907350632502784
322,URGN,Health Care,Micro cap,193032726,89358,155.75622103860084,-73.49865682086538,-229.2548778594662
1034,ADUS,Health Care,Small cap,1608099548,154171,172.03389520014122,2.1038540342771523,-169.93004116586405
1022,ACHC,Health Care,Mid cap,6340886935,1072156,-1.2548609749759516,146.31958170278415,147.5744426777601
833,SLNO,Health Care,Micro cap,17726270,30532,-29.22318339979237,-95.36842100801525,-66.14523760822289
425,DARE,Health Care,Micro cap,86521991,215566,-88.62068981959902,2.2167496543921468,90.83743947399117
624,SYRS,Health Care,Micro cap,17704486,184097,-42.35197421565776,-94.81213862356896,-52.46016440791119
184,CERS,Health Care,Small cap,500882399,2474105,-5.057466552064973,-14.117644814883962,-9.060178262818988
956,TXG,Health Care,Mid cap,4763708771,1018199,40.98147639521846,-52.61994943232387,-93.60142582754233
47,RVNC,Health Care,Mid cap,2604060000,1512207,-23.014351931747218,11.946630325640744,34.96098225738796
1110,KIDS,Health Care,Small cap,952158599,155277,144.7619008213003,-16.410686802832554,-161.17258762413283
547,SURF,Health Care,Micro cap,37759823,196013,-86.77966069366973,-56.84210509804807,29.937555595621653
870,ELAN,Health Care,Mid cap,4320667374,9492615,-9.178291734798934,-58.81361565350155,-49.63532391870262
889,HROW,Health Care,Small cap,467031796,370367,207.6000022888184,88.74680185264037,-118.85320043617801
261,ATRA,Health Care,Micro cap,274350393,1385853,11.349483494603293,-80.3710344039598,-91.72051789856309
95,AUPH,Health Care,Small cap,1324537441,3143392,845.7943354645057,-78.78192513675577,-924.5762606012615
186,ALEC,Health Care,Small cap,493185785,689795,-9.786095449433535,-46.77047600337647,-36.98438055394294
48,RARE,Health Care,Mid cap,2597315326,554666,-40.19333108805239,7.29504748405787,47.48837857211026
4,BNTX,Health Care,Large cap,31469610717,637153,111.57575665098248,320.1958076103584,208.62005095937587
41,VIR,Health Care,Mid cap,2972408497,1345327,-24.953559307501337,101.51272786911883,126.46628717662017
1258,STXS,Health Care,Micro cap,141085510,206318,696.9230797445987,-61.23595741397822,-758.1590371585769
1025,EHC,Health Care,Mid cap,5161891363,1081126,67.14904619543941,8.018928694897806,-59.1301175005416
548,MDNA,Health Care,Micro cap,37430140,48818,14.196432002116817,-82.84644227698844,-97.04287427910526
457,ADVM,Health Care,Micro cap,74587338,458179,274.00000890096027,-95.00000030829987,-369.00000920926016
893,PETQ,Health Care,Small cap,335371572,381559,17.14285895937965,-63.542902596859975,-80.68576155623963
141,CBAY,Health Care,Small cap,757895514,1801480,9.497211168538763,219.89795198444537,210.4007408159066
937,RMTI,Health Care,Micro cap,12982068,118722,-64.24242475194221,-96.25231925094351,-32.009894499001305
970,MDRX,Health Care,Small cap,1408358513,1584940,-4.927538261688591,79.0862812841471,84.0138195458357
394,EYEN,Health Care,Micro cap,107641096,109612,-60.299999713897705,-63.77777788374159,-3.477778169843887
859,GRFS,Health Care,Small cap,1811676012,1480293,43.83138233118692,-63.76811452807835,-107.59949685926527
811,DMTK,Health Care,Micro cap,98693475,355168,-38.50515185690716,-88.49154767388728,-49.98639581698012
789,TWST,Health Care,Small cap,908594036,1472009,62.07692072941707,12.20546765502444,-49.871453074392626
931,CPHI,Health Care,Micro cap,19324635,1226198,-14.81481808530281,-58.33333498901784,-43.51851690371503
695,VYNE,Health Care,Micro cap,7899538,17709,-77.268293427258,-99.20886074269188,-21.94056731543388
962,PGNY,Health Care,Mid cap,3086150931,1493648,108.92592536078558,13.686131577403096,-95.23979378338248
1173,PAVM,Health Care,Micro cap,35234287,359691,-81.9018412423334,-60.97561123350793,20.926230008825478
830,PMD,Health Care,Micro cap,28449268,8139,-63.85737453000241,-47.141317654804894,16.716056875197516
600,NHWK,Health Care,Micro cap,21812265,35835,-94.43181793551798,-76.85714278902326,17.574675146494727
575,NOVN,Health Care,Micro cap,28132655,112047,-88.27183155189627,-95.39432175707118,-7.122490205174913
857,HZNP,Health Care,Large cap,24626696987,1738093,121.51198464367516,216.11111958821616,94.59913494454099
765,ICLR,Health Care,Large cap,16986240907,511981,125.0066035217374,12.44573082489146,-112.56087269684595
13,SRPT,Health Care,Large cap,11295114396,2491445,354.2856844909011,-0.0385736711211389,-354.3242581620222
300,RIGL,Health Care,Micro cap,222276292,6297644,-12.5000074505803,-30.555558315029742,-18.055550864449444
873,SUPN,Health Care,Small cap,1903191640,605441,-8.25147472894291,49.18443495015765,57.43590967910056
1214,ABC,Health Care,Large cap,30526828315,1277669,6.534195788858091,93.49603911124858,86.9618433223905
1172,RWLK,Health Care,Micro cap,38364685,245122,-96.99310335619695,-64.81481665446427,32.17828670173269
610,CYCN,Health Care,Micro cap,20021451,77064,-78.4,-76.31769038953843,2.0823096104615786
424,AFMD,Health Care,Micro cap,86603654,806286,50.2702667871647,-55.39568265114602,-105.66594943831072
674,IMRN,Health Care,Micro cap,10535672,3782,-60.10810748950856,-41.57303491184741,18.535072577661154
546,APM,Health Care,Micro cap,38177919,6484,-10.759493670886076,-96.5616405544179,-85.80214688353183
242,NGM,Health Care,Small cap,322442741,377879,23.866666158040363,-73.08310947127988,-96.94977562932024
886,AVDL,Health Care,Small cap,564657610,549564,-19.286515545263008,-7.731963450678694,11.554552094584313
501,ONCT,Health Care,Micro cap,51536912,271750,-89.08843475134195,-75.6691005470865,13.419334204255449
329,COCP,Health Care,Micro cap,179342960,34409,-95.98290590336926,-67.49999920527141,28.48290669809785
1226,HOLX,Health Care,Large cap,19361652072,1609957,29.650001525878903,43.58925095890949,13.939249433030586
608,GTBP,Health Care,Micro cap,20154724,55631,-94.02439003324108,-49.88687928488452,44.137510748356554
711,ARTL,Health Care,Micro cap,6034354,12499,-39.38775614005368,-93.31018506049784,-53.92242892044416
111,REPL,Health Care,Small cap,1103072344,855754,-8.312499523162842,86.17386312194857,94.48636264511141
517,NXTC,Health Care,Micro cap,44717003,79723,242.1221872051008,-97.49333339267308,-339.61552059777387
1169,MDGS,Health Care,Micro cap,42360709,6781,-92.95833322736952,-84.11564579289814,8.842687434471387
932,ADMP,Health Care,Micro cap,17997992,4676417,-78.09523844124239,-75.0,3.095238441242387
51,PRTA,Health Care,Mid cap,2526772342,483776,-68.50409316181036,277.2698747187273,345.77396788053767
684,NAVB,Health Care,Micro cap,9600264,68274,-89.99999961545389,-83.06451678803262,6.935482827421268
201,BCYC,Health Care,Small cap,433552700,302124,-27.075541634589232,201.70217890914856,228.7777205437378
1070,SSY,Health Care,Micro cap,7488657,13161,-4.91803775260399,-46.49122614389419,-41.5731883912902
639,RGLS,Health Care,Micro cap,15219791,31252,-97.10144927536231,-84.77777772479587,12.323671550566445
1222,BDX,Health Care,Large cap,67108670136,1023860,67.0392000222508,-4.201728251853648,-71.24092827410445
1244,ATRI,Health Care,Small cap,1131309246,8064,46.39221834730731,-25.73639712801859,-72.1286154753259
411,PRTK,Health Care,Micro cap,96778338,1276376,-73.86581308446068,-53.59801718577823,20.26779589868245
904,KMDA,Health Care,Micro cap,195415017,20779,19.824564074618827,-42.21901735130702,-62.04358142592585
1096,TMDX,Health Care,Mid cap,2376402924,493758,-7.209872022087191,222.8033394959712,230.01321151805837
841,BIOC,Health Care,Micro cap,5117631,165417,-98.88888888888889,-82.33333375718858,16.555555131700302
312,GNFT,Health Care,Micro cap,203077556,5128,-9.09504329612052,-79.03010093182135,-69.93505763570083
371,YMAB,Health Care,Micro cap,124454171,327967,17.245281867261202,-84.60082034648019,-101.84610221374139
1087,INSP,Health Care,Mid cap,6852347285,328125,200.24499577992296,238.4574188123528,38.212423032429854
758,IDXX,Health Care,Large cap,39689159833,393945,121.15141100584496,55.98975007045076,-65.1616609353942
1181,BTCY,Health Care,Micro cap,24610175,47280,-85.54216843243867,-25.333333995607138,60.20883443683154
36,FOLD,Health Care,Mid cap,3166405066,2595779,87.59842275782341,24.338089792227183,-63.260332965596234
1018,UHS,Health Care,Mid cap,8887776694,963535,33.5549079272561,-2.336056596084099,-35.8909645233402
878,TLRY,Health Care,Small cap,1606440974,13085404,-31.800430423643245,-84.74191613572663,-52.94148571208338
1040,NHC,Health Care,Small cap,860208892,169923,12.871287128712872,-31.435813739381004,-44.307100868093876
251,MRNS,Health Care,Small cap,306930423,655490,97.2727299327692,-54.77272803625783,-152.04545796902704
1129,AXGN,Health Care,Small cap,373192802,302159,99.7802147590631,-44.432070985657504,-144.2122857447206
444,CYBN,Health Care,Micro cap,79815698,1571141,0.0,-77.42193541324318,-77.42193541324318
1232,RGEN,Health Care,Mid cap,9036698499,622210,198.34416125270693,81.9363872774555,-116.40777397525143
771,NTRA,Health Care,Mid cap,6310012098,1839178,184.15252743490623,18.63555063452857,-165.51697680037768
504,CRIS,Health Care,Micro cap,50241307,389684,-90.0952384585426,-67.45562169829076,22.63961676025184
1082,SNN,Health Care,Large cap,12261955025,1113373,60.03321447995697,-44.40769075162629,-104.44090523158326
964,OMCL,Health Care,Mid cap,2520213139,596142,137.8779017480406,-38.51219735494474,-176.39009910298535
146,MCRB,Health Care,Small cap,714853137,1349429,-63.66336695365653,61.38328122364384,125.04664817730037
68,KRYS,Health Care,Small cap,1912442643,256172,448.8571530296689,42.37958678957433,-406.4775662400946
250,CKPT,Health Care,Small cap,308807564,235074,-79.12499904632568,-70.63218249687507,8.492816549450609
1156,ELMD,Health Care,Micro cap,85397065,18378,123.96905474409944,19.885711669921875,-104.08334307417756
662,ITRM,Health Care,Micro cap,12075745,98749,-63.54330868858678,-98.74157307299782,-35.19826438441105
773,MEDP,Health Care,Mid cap,5605174883,418171,128.5832075383952,149.92353100488526,21.340323466490076
138,ENTA,Health Care,Small cap,827102747,397901,82.50296170731906,-25.076501299018386,-107.57946300633745
838,TRIB,Health Care,Micro cap,10388076,26816,-84.4155834102775,-3.883491549912931,80.53209186036457
193,IGMS,Health Care,Small cap,468549138,132507,132.00437346408168,-55.31914797678756,-187.32352144086923
617,ACST,Health Care,Micro cap,19406581,69101,95.23809974335944,-97.51984125106934,-192.7579409944288
282,HRTX,Health Care,Micro cap,245503972,1589674,78.33961630767246,-89.4381073428732,-167.77772365054565
568,VTGN,Health Care,Micro cap,30705702,2087458,-80.87431747146586,-85.71428571428571,-4.83996824281985
163,ADMA,Health Care,Small cap,611977428,2948349,-23.58674485680478,-3.9603923000712657,19.626352556733515
957,TDOC,Health Care,Mid cap,3940214562,3578213,400.0000114555476,-71.84523854936872,-471.84525000491635
619,VCNX,Health Care,Micro cap,19259000,103230,-59.083334604899086,-87.32673343519707,-28.243398830297984
311,ALT,Health Care,Micro cap,206478428,1312393,-98.66666670198794,770.3704173252349,869.0370840272228
691,MRKR,Health Care,Micro cap,8270899,28159,-18.648647617649388,-90.59233457871454,-71.94368696106515
740,HOTH,Health Care,Micro cap,2823227,278447,-13.072465537250906,-94.93506481121112,-81.86259927396021
559,LPTX,Health Care,Micro cap,32677054,722989,-81.5711939278509,-59.09090909090909,22.480284836941806
925,TXMD,Health Care,Micro cap,33835362,40352,-59.66101694915254,-95.38016516315052,-35.71914821399798
217,KNSA,Health Care,Small cap,390873401,481439,-42.73815448075037,34.83348339469268,77.57163787544305
1046,PNTG,Health Care,Small cap,369538162,995000,415.2845535389264,-66.74742764985423,-482.0319811887806
6,ALNY,Health Care,Large cap,23645711904,855165,200.62909005025,105.63294498920682,-94.99614506104318
1212,VIVE,Health Care,Micro cap,660590,38311,-99.8331383933798,-96.45833323399226,3.3748051593875346
435,MDWD,Health Care,Micro cap,82970629,36966,-35.319149848954225,-39.3980250116296,-4.078875162675374
1010,CNC,Health Care,Large cap,34498136102,3900726,120.30404130617956,30.21594590713205,-90.0880953990475
395,TRVI,Health Care,Micro cap,106880271,72912,-60.526315789473685,-48.39572345918328,12.130592330290405
993,STRM,Health Care,Micro cap,97033669,60921,3.053441435840466,17.037038149002957,13.983596713162491
660,SONN,Health Care,Micro cap,12234837,105724,-85.95238176035797,-99.44572970896516,-13.493347948607195
625,AVTX,Health Care,Micro cap,17416092,16816,484.269660513384,-92.17877130523732,-576.4484318186213
79,SWTX,Health Care,Small cap,1626218360,1041050,51.14285216039541,-32.42400858757792,-83.56686074797332
1050,JYNT,Health Care,Micro cap,238577329,145301,544.4000244140625,-14.233127628308988,-558.6331520423715
389,CMRX,Health Care,Micro cap,110341959,843840,-56.90021327073234,-9.268289874665095,47.63192339606724
1186,VERO,Health Care,Micro cap,14405689,342435,-96.49122807017544,-93.22033900588131,3.270889064294124
1074,MDT,Health Care,Large cap,103200967030,6349829,60.754448832990434,-32.09854810207978,-92.85299693507022
722,XCUR,Health Care,Micro cap,4840205,13896,-5.960266685237702,-98.6916951579124,-92.73142847267471
334,OVID,Health Care,Micro cap,174818945,82983,-68.85714190346854,-55.92416808578459,12.932973817683951
1241,STAA,Health Care,Mid cap,3062045022,683485,228.6511798237645,37.50708771847923,-191.14409210528527
462,RZLT,Health Care,Micro cap,71813756,29162,-89.3406595502581,-67.90697683014912,21.433682720108976
140,INVA,Health Care,Small cap,762330936,1018487,31.662021378596823,-6.690139591729333,-38.35216097032615
2,VRTX,Health Care,Large cap,78348616645,1110826,194.1958891883495,31.12059188913351,-163.07529729921598
1249,OSUR,Health Care,Small cap,421157640,687958,-11.950394097583786,-40.49382784366241,-28.543433746078623
790,FLGT,Health Care,Small cap,889992152,479296,12.987012772547525,129.42990552305292,116.4428927505054
367,EPIX,Health Care,Micro cap,132277122,67452,-86.9047619047619,-54.34782627474684,32.556935630015055
589,IBIO,Health Care,Micro cap,25356766,1593756,-93.75,-93.230769267449,0.5192307325509944
56,MRTX,Health Care,Mid cap,2250126669,985251,2548.041138168043,-65.08168673596543,-2613.122824904008
1231,MASI,Health Care,Mid cap,9174830898,383746,132.3469105479785,-6.41999289274394,-138.76690344072244
696,CELZ,Health Care,Micro cap,7741935,138174,-99.94117647058825,-98.30622217390273,1.634954296685521
379,INMB,Health Care,Micro cap,118353837,50761,-36.99052009264201,5.666669209798177,42.65718930244019
20,ASND,Health Care,Mid cap,6028995600,212727,580.8713364841041,-13.099471262413507,-593.9708077465176
271,VRCA,Health Care,Micro cap,259901249,132080,-23.400001525878903,-82.9404475382721,-59.54044601239319
383,TCRT,Health Care,Micro cap,113672221,969194,-11.786369921146235,-86.34453897262033,-74.5581690514741
481,UBX,Health Care,Micro cap,58790388,235262,-60.26315789473684,-96.19444443119896,-35.93128653646212
615,SIOX,Health Care,Micro cap,19539302,369237,-95.03179647225409,-91.55339816837127,3.4783983038828126
781,NEO,Health Care,Mid cap,2314636917,1461196,239.2773994079216,-68.73096443424036,-308.00836384216194
652,LIXT,Health Care,Micro cap,12787913,165627,385.7143076098699,-40.00000112196978,-425.71430873183965
381,GALT,Health Care,Micro cap,118019494,129050,188.65978038454213,-60.76389061356026,-249.42367099810238
1088,GMED,Health Care,Mid cap,5247033849,1476008,135.6054413122069,25.88135024248544,-109.72409106972145
968,PHR,Health Care,Small cap,1634637432,444348,-1.3831807074145737,21.01720601098716,22.400386718401734
538,MBIO,Health Care,Micro cap,39385714,377130,-60.10526422868695,-90.57279183041744,-30.467527601730495
460,IPA,Health Care,Micro cap,73310217,76839,-49.15635763364769,149.28230871328682,198.4386663469345
1206,THMO,Health Care,Micro cap,4065581,5894172,-88.0813953488372,-98.3838383597557,-10.302443010918495
1220,GEG,Health Care,Micro cap,64865589,14691,-6.400000254313151,-40.05934571147927,-33.65934545716612
1086,SWAV,Health Care,Mid cap,7694687395,481562,78.22581501086496,362.8771028498074,284.65128783894244
826,HTGM,Health Care,Micro cap,37017326,102263,-70.22222332739103,-96.73537891069282,-26.51315558330178
133,CRNX,Health Care,Small cap,845291003,582477,23.168826412844968,-26.82927201285069,-49.99809842569566
354,NKTR,Health Care,Micro cap,140620632,3363207,66.4262918237402,-89.63302720386706,-156.05931902760727
421,VSTM,Health Care,Micro cap,88137768,602204,23.684208324851586,-70.5882335754139,-94.27244190026548
550,TNXP,Health Care,Micro cap,35630692,1402168,-99.7673469387755,-98.97584033613444,0.7915066026410642
699,AYTU,Health Care,Micro cap,7325187,81537,-99.80416666666666,-98.06122451412436,1.7429421525422981
479,CGEN,Health Care,Micro cap,61650758,265572,15.294122046940412,-88.01996670232764,-103.31408874926805
806,CHEK,Health Care,Micro cap,126299653,21961,-94.1908718783062,-93.67816064392092,0.5127112343852787
1037,MODV,Health Care,Small cap,1161920049,124827,54.96583661088916,50.958959337213024,-4.006877273676139
154,TBPH,Health Care,Small cap,653436690,600579,-20.05571394045696,-56.69625498608615,-36.64054104562919
170,MOR,Health Care,Small cap,539495422,73857,37.00305948638368,-89.99161342496143,-126.9946729113451
252,DBVT,Health Care,Small cap,303121607,27866,-68.24266754571661,-86.38790033322603,-18.145232787509414
1264,RVP,Health Care,Micro cap,57636735,37723,67.39129716484682,7.1895435530757945,-60.201753611771025
167,ICPT,Health Care,Small cap,570463943,908677,13.811546637822312,-89.80046173312569,-103.612008370948
44,AXSM,Health Care,Mid cap,2698458227,1033635,1383.2857404436384,-26.32534582603844,-1409.611086269677
150,AVXL,Health Care,Small cap,677318932,1061113,-41.00000262260437,252.0912481348053,293.0912507574097
649,ACOR,Health Care,Micro cap,13872487,155817,-88.41269895092731,-93.85964934962456,-5.446950398697254
