,Symbol,GICS sector,Market Cap Type,Market Cap,Average Volume,Return from 2017-2019 (Pre-Covid),Return from 2020-2022 (Post-Covid)
0,NVO,Health Care,Large cap,260652723120,1565762,59.34308659025971,132.10425853271084
1,REGN,Health Care,Large cap,86238124754,637527,0.7712263772472706,90.8703677868717
2,VRTX,Health Care,Large cap,78348616645,1110826,194.1958891883495,31.12059188913351
3,SGEN,Health Care,Large cap,37002973603,1468401,114.2160575289547,13.0354400098352
4,BNTX,Health Care,Large cap,31469610717,637153,111.57575665098248,320.1958076103584
5,GMAB,Health Care,Large cap,24326628122,525408,31.531962392924488,88.43931302542727
6,ALNY,Health Care,Large cap,23645711904,855165,200.62909005025,105.63294498920682
7,BGNE,Health Care,Large cap,22847121675,277594,443.2227541860238,30.916668119884672
8,ARGX,Health Care,Large cap,19961795705,325555,803.9106508374487,136.32562655033053
9,BMRN,Health Care,Large cap,16808108726,1644346,1.5486113311800065,21.752938663258277
10,INCY,Health Care,Large cap,16111452201,1478734,-12.942452458854149,-7.58256091313253
12,TECH,Health Care,Large cap,11311232384,909753,110.59461767875344,50.30830281252638
13,SRPT,Health Care,Large cap,11295114396,2491445,354.2856844909011,-0.0385736711211389
14,UTHR,Health Care,Large cap,10002083729,909254,-39.69608201038258,214.75948063467928
15,NBIX,Health Care,Mid cap,9242497204,752748,176.2567701286494,10.592594853153935
16,JAZZ,Health Care,Mid cap,8704905054,713988,35.13635808771307,6.554747783974893
17,APLS,Health Care,Mid cap,7035797991,1929468,103.51724295780576,67.02196580621583
19,KRTX,Health Care,Mid cap,6083607111,444772,285.94595419394005,158.21288296979753
20,ASND,Health Care,Mid cap,6028995600,212727,580.8713364841041,-13.099471262413507
21,EXEL,Health Care,Mid cap,5940520887,4200049,17.040943933463012,-9.429690882420728
24,IONS,Health Care,Mid cap,4806113245,899980,25.53102499929497,-37.97010866092284
25,HALO,Health Care,Mid cap,4559155912,2586399,76.70961005023378,219.12508003001693
26,ITCI,Health Care,Mid cap,4372399338,800578,119.140628904764,54.28571237916001
27,ALKS,Health Care,Mid cap,4233019917,1274236,-63.66426244345262,27.5256195834533
28,MDGL,Health Care,Mid cap,4207293264,539859,502.67558276677954,216.72850494670163
31,PTCT,Health Care,Mid cap,3444952770,844074,329.92764405978625,-21.07113795036855
32,CRSP,Health Care,Mid cap,3392817732,952785,194.47619120279947,-33.02026290046858
33,NTLA,Health Care,Mid cap,3272506972,1495404,11.969696564669992,135.9026333985
34,ISEE,Health Care,Mid cap,3251170634,2294184,66.8041301374166,144.68571254185267
35,CYTK,Health Care,Mid cap,3200277579,1395454,-16.585365286332955,330.6390809806604
36,FOLD,Health Care,Mid cap,3166405066,2595779,87.59842275782341,24.338089792227183
37,DNLI,Health Care,Mid cap,3131284870,984626,-19.860783901729143,58.37130018073106
38,ZLAB,Health Care,Mid cap,3080207702,833281,66.68040482039304,-26.467064040863587
41,VIR,Health Care,Mid cap,2972408497,1345327,-24.953559307501337,101.51272786911883
42,ACAD,Health Care,Mid cap,2972056971,2434084,48.1634091687227,-62.86447288793056
43,RETA,Health Care,Mid cap,2823237040,2174341,833.835607621626,-81.59577462675215
44,AXSM,Health Care,Mid cap,2698458227,1033635,1383.2857404436384,-26.32534582603844
46,BPMC,Health Care,Mid cap,2615881874,699213,184.8217531193364,-45.638412502702806
47,RVNC,Health Care,Mid cap,2604060000,1512207,-23.014351931747218,11.946630325640744
48,RARE,Health Care,Mid cap,2597315326,554666,-40.19333108805239,7.29504748405787
49,ARWR,Health Care,Mid cap,2564784660,1425556,4015.384570710521,-36.24646014735573
50,SAGE,Health Care,Mid cap,2535012460,571905,37.752539265616846,-47.5594697796581
51,PRTA,Health Care,Mid cap,2526772342,483776,-68.50409316181036,277.2698747187273
53,GLPG,Health Care,Mid cap,2478048634,502331,222.51083042561947,-78.96881804114956
54,HCM,Health Care,Mid cap,2455961000,331024,82.74648670070926,-41.349209184519175
55,CORT,Health Care,Mid cap,2277754561,1142595,65.43210538716103,67.43610283863948
56,MRTX,Health Care,Mid cap,2250126669,985251,2548.041138168043,-65.08168673596543
57,INSM,Health Care,Mid cap,2238412072,1270593,74.46016212036946,-16.331657267968993
59,TGTX,Health Care,Mid cap,2182274224,4027153,126.04166563186384,6.4806506685720695
61,XENE,Health Care,Mid cap,2142661314,484349,70.32257818406627,198.4859969062257
65,BBIO,Health Care,Mid cap,2055645938,2617001,15.779150343185664,-78.33380641945142
66,IMVT,Health Care,Mid cap,2034432133,1031817,58.894479624963495,11.987379008214836
68,KRYS,Health Care,Small cap,1912442643,256172,448.8571530296689,42.37958678957433
71,AKRO,Health Care,Small cap,1871324202,629674,68.75000442608753,145.62976489854333
75,FGEN,Health Care,Small cap,1758395023,1318436,101.90697603447492,-62.84786443740424
76,CPRX,Health Care,Small cap,1692583408,2189993,252.8846356643029,389.4737003912888
77,XNCR,Health Care,Small cap,1663433406,442319,27.40187600394276,-24.84848551571072
78,CLDX,Health Care,Small cap,1656972334,591048,-95.86854451139207,1889.73212076199
79,SWTX,Health Care,Small cap,1626218360,1041050,51.14285216039541,-32.42400858757792
80,VCYT,Health Care,Small cap,1595949948,827278,265.8064565350932,-15.940489100140873
84,BCRX,Health Care,Small cap,1530223232,3783349,-50.07751746000297,223.3802731390439
85,MORF,Health Care,Small cap,1487669613,521823,-1.8333329094780817,55.88578227192789
86,SNDX,Health Care,Small cap,1475621852,1074786,22.91667522103721,186.92222199882613
87,KDNY,Health Care,Small cap,1465735433,651711,-89.69697002724652,329.50821594344933
91,ARVN,Health Care,Small cap,1403171073,439517,101.33332752046132,-16.96602317724833
92,VCEL,Health Care,Small cap,1364564792,486248,465.5737793339867,50.51428658621652
93,RCKT,Health Care,Small cap,1348911920,1086711,162.72727656955553,-14.876033537809848
95,AUPH,Health Care,Small cap,1324537441,3143392,845.7943354645057,-78.78192513675577
96,TVTX,Health Care,Small cap,1319502896,1506586,-25.678497471170267,47.26891512532169
97,IOVA,Health Care,Small cap,1289373572,3257672,288.59155666447435,-77.14592247596237
99,DVAX,Health Care,Small cap,1248775251,2469616,39.75000381469727,84.72222084248513
102,AGIO,Health Care,Small cap,1215169202,647397,13.086534442416916,-42.09115497685024
105,RCUS,Health Care,Small cap,1194465277,1308660,-50.74999809265137,104.75247053571378
106,SMMT,Health Care,Small cap,1186065121,4126255,-82.20902598366068,165.62499604187911
107,LGND,Health Care,Small cap,1174191004,144230,1.3547794788147038,1.8358604042189093
108,GERN,Health Care,Small cap,1159887268,7330319,-35.71428165954779,77.94118020876877
109,DCPH,Health Care,Small cap,1123260330,1077939,210.2692090502649,-73.67068371140813
110,ADPT,Health Care,Small cap,1122897775,702536,-25.78825427183039,-74.53333377838135
111,REPL,Health Care,Small cap,1103072344,855754,-8.312499523162842,86.17386312194857
112,CDMO,Health Care,Small cap,1096449892,966474,264.055291134345,79.06372373605446
113,VRDN,Health Care,Small cap,1093897751,653956,-91.34230658324137,293.40065096458534
114,PTGX,Health Care,Small cap,1077291238,4339029,-67.83468205843873,53.87869693387661
115,MNKD,Health Care,Small cap,1066251853,3377833,-60.89552298291115,296.24058728409784
117,VRNA,Health Care,Small cap,1028591230,513805,-55.70370356241862,369.12025772833584
118,SAVA,Health Care,Small cap,999898968,756413,50.73891556188624,308.57539194464414
119,RYTM,Health Care,Small cap,976058324,841137,-9.74460265320056,25.84270357526493
120,BLU,Health Care,Small cap,958126565,578652,892.064766679447,3.657004350162037
121,ORTX,Health Care,Small cap,942000635,122682,-16.58823349896599,-97.3207821258818
122,QURE,Health Care,Small cap,937300576,658949,1171.6312574204617,-68.63585990708773
125,MRUS,Health Care,Small cap,893460350,282200,-31.094413126141585,9.716310982229055
127,ETNB,Health Care,Small cap,884786720,2114819,35.55000305175781,-53.26725532599452
129,MIRM,Health Care,Small cap,875528832,306281,91.92308279184196,-19.950740921929
130,RGNX,Health Care,Small cap,866665281,488371,115.43766466059463,-45.08474400933188
133,CRNX,Health Care,Small cap,845291003,582477,23.168826412844968,-26.82927201285069
134,IMGN,Health Care,Small cap,843151983,3391618,145.4106322480834,-4.061896229168119
136,KURA,Health Care,Small cap,839741328,588267,137.62712256177608,-10.590779934500164
137,ARDX,Health Care,Small cap,838360216,9517700,-48.0419599354089,-62.450594896749365
138,ENTA,Health Care,Small cap,827102747,397901,82.50296170731906,-25.076501299018386
140,INVA,Health Care,Small cap,762330936,1018487,31.662021378596823,-6.690139591729333
141,CBAY,Health Care,Small cap,757895514,1801480,9.497211168538763,219.89795198444537
144,ALLO,Health Care,Small cap,729711784,2245044,17.999995838512074,-75.75173541883838
145,VKTX,Health Care,Small cap,723803023,3119605,560.8332927690628,13.939389315518468
146,MCRB,Health Care,Small cap,714853137,1349429,-63.66336695365653,61.38328122364384
148,COGT,Health Care,Small cap,702265772,816758,-93.9659575198559,290.54054968369263
149,IDYA,Health Care,Small cap,689517914,355978,-43.64285809653146,153.0640739652816
150,AVXL,Health Care,Small cap,677318932,1061113,-41.00000262260437,252.0912481348053
154,TBPH,Health Care,Small cap,653436690,600579,-20.05571394045696,-56.69625498608615
156,SVA,Health Care,Small cap,643779512,0,9.661011620521355,0.0
158,IBRX,Health Care,Small cap,636319951,6156202,-33.101044123887284,32.375986231233405
161,RAPT,Health Care,Small cap,618539807,578524,116.97959121392698,-29.787238647589756
163,ADMA,Health Care,Small cap,611977428,2948349,-23.58674485680478,-3.9603923000712657
164,ANAB,Health Care,Small cap,604148136,263255,-0.3125011920928955,89.30970178599829
167,ICPT,Health Care,Small cap,570463943,908677,13.811546637822312,-89.80046173312569
168,CTIC,Health Care,Small cap,566894336,3532175,-61.7577197216902,270.9876673575164
169,ACRS,Health Care,Small cap,543547657,926279,-93.1275263958554,720.3125183354136
170,MOR,Health Care,Small cap,539495422,73857,37.00305948638368,-89.99161342496143
172,ALDX,Health Care,Small cap,530701731,524191,11.214951688373452,17.966100434673432
173,BTAI,Health Care,Small cap,529424032,876948,-5.535395508280697,48.13792787749192
176,ZYME,Health Care,Small cap,524498141,755256,232.22221091941552,-82.78203752291535
178,IMTX,Health Care,Small cap,516762149,212362,207899.9970197677,-16.24999656127037
179,FATE,Health Care,Small cap,513386334,6646021,641.7625053061838,-48.88551028581726
180,EDIT,Health Care,Small cap,511758795,1414436,78.89630327144417,-70.29470963076899
184,CERS,Health Care,Small cap,500882399,2474105,-5.057466552064973,-14.117644814883962
185,NVAX,Health Care,Small cap,496357891,8021440,-84.37500023283064,157.64410296742693
186,ALEC,Health Care,Small cap,493185785,689795,-9.786095449433535,-46.77047600337647
187,AGEN,Health Care,Small cap,492119647,6355801,-4.066975912640822,-41.17647128877903
188,ABUS,Health Care,Small cap,481210127,1193830,11.42857003837566,-16.187052241542037
191,CHRS,Health Care,Small cap,469697755,1507101,-38.5639180937042,-56.50741090345694
193,IGMS,Health Care,Small cap,468549138,132507,132.00437346408168,-55.31914797678756
195,MESO,Health Care,Small cap,464386369,204750,36.44860412826902,-61.19999885559082
196,MRSN,Health Care,Small cap,452629250,1536127,-63.98480443748362,0.8605884892822024
199,SRRK,Health Care,Small cap,447591470,238306,-13.938197766220128,-32.05705406846637
200,LQDA,Health Care,Small cap,445702483,632751,-62.77551067118742,45.10250750095286
201,BCYC,Health Care,Small cap,433552700,302124,-27.075541634589232,201.70217890914856
202,MGNX,Health Care,Small cap,429778027,726211,-49.56689511097363,-38.999999653209336
204,LXRX,Health Care,Small cap,426520179,548716,-70.9269667624404,-53.97590547639995
208,ANIK,Health Care,Small cap,410453126,87693,6.024343340091718,-43.18617802614232
210,ALLK,Health Care,Small cap,405276489,1086130,253.3088080095177,-91.17030198993106
211,NSTG,Health Care,Small cap,405210294,734449,22.53333197699653,-71.70749105926099
212,ARCT,Health Care,Small cap,400987793,374974,-31.216933219270857,56.02575218978804
213,SIGA,Health Care,Small cap,400716488,973581,59.333340326944985,53.01455761060367
215,ATHX,Health Care,Small cap,398909132,113080,-20.26143790849673,-97.2903226652453
217,KNSA,Health Care,Small cap,390873401,481439,-42.73815448075037,34.83348339469268
220,OCUL,Health Care,Small cap,381344939,1203485,-53.8011700635504,-29.57393643951909
222,VNDA,Health Care,Small cap,375918448,834377,2.499997615814209,-55.48192953817691
223,KPTI,Health Care,Small cap,364961659,2696514,98.3246089610832,-82.36514536162606
225,BLUE,Health Care,Small cap,360716346,4624445,40.19215479524018,-87.88332976764849
228,CMMB,Health Care,Small cap,349174059,98526,-87.85217430280602,-86.2068967997815
229,STOK,Health Care,Small cap,347442297,331214,1.2862932497100072,-67.929119798391
237,WVE,Health Care,Small cap,327615594,406541,-69.90583803872543,-12.9353229699933
238,OGEN,Health Care,Small cap,324934321,21919,-90.54545431426077,-78.00000031789143
240,VYGR,Health Care,Small cap,323834400,416083,7.279998779296875,-56.76824909243794
241,AUTL,Health Care,Small cap,323649334,320273,-49.67857088361468,-85.4961838104544
242,NGM,Health Care,Small cap,322442741,377879,23.866666158040363,-73.08310947127988
243,ATXS,Health Care,Small cap,321287523,666153,-84.19354871788912,-59.048404583679726
248,SCPH,Health Care,Small cap,309760172,455490,-62.24561323199356,27.58007512985328
250,CKPT,Health Care,Small cap,308807564,235074,-79.12499904632568,-70.63218249687507
251,MRNS,Health Care,Small cap,306930423,655490,97.2727299327692,-54.77272803625783
252,DBVT,Health Care,Small cap,303121607,27866,-68.24266754571661,-86.38790033322603
255,TMBR,Health Care,Micro cap,298910629,236117,-95.77297286299972,-99.32950191570882
257,MIGI,Health Care,Micro cap,293501495,85346,-99.12499997350903,-87.89473647886365
259,SGMO,Health Care,Micro cap,286421639,2553546,162.90322158884914,-62.75207602333889
261,ATRA,Health Care,Micro cap,274350393,1385853,11.349483494603293,-80.3710344039598
262,ELOX,Health Care,Micro cap,274318933,15495,116.24999046325684,-99.39089687857916
263,CARA,Health Care,Micro cap,272953366,779008,72.19307772525953,-33.41599299495729
264,STRO,Health Care,Micro cap,271858954,607362,-26.98412668377604,-27.468584607816855
268,OTLK,Health Care,Micro cap,264366798,931047,-97.84426216757512,77.04918321118942
269,PHAT,Health Care,Micro cap,263592142,379527,44.44444444444444,-63.88799363619599
271,VRCA,Health Care,Micro cap,259901249,132080,-23.400001525878903,-82.9404475382721
272,KOD,Health Care,Micro cap,255791763,448838,635.1000213623047,-90.170235849274
274,CDXS,Health Care,Micro cap,255214143,620642,242.3404426712865,-71.07386920632516
276,APRE,Health Care,Micro cap,251750216,13935,212.19669393239275,-99.28043479504792
277,ACET,Health Care,Micro cap,248709305,850463,-92.8034368743387,-14.285720816835289
278,MGTX,Health Care,Micro cap,247224616,220049,32.57827658282931,-67.88177228586628
279,ALPN,Health Care,Micro cap,246853513,115666,-57.74336339200857,84.67336355298794
280,PRQR,Health Care,Micro cap,246666185,963347,92.85713521106612,-62.99999952316284
281,INO,Health Care,Micro cap,246110872,3769900,-51.21950935849392,-53.98230399690098
282,HRTX,Health Care,Micro cap,245503972,1589674,78.33961630767246,-89.4381073428732
286,LCTX,Health Care,Micro cap,238203998,339657,-75.97765271975666,27.173906071763085
287,KZR,Health Care,Micro cap,237192593,1253219,-78.69999885559082,71.70732013672898
288,PGEN,Health Care,Micro cap,236356885,1951446,-77.50511317636959,-72.85714273550072
291,ATNM,Health Care,Micro cap,234446415,301328,-75.05494456741681,56.38766091066096
292,CABA,Health Care,Micro cap,234117188,275867,55.444441901312935,-34.25728357760591
293,XOMA,Health Care,Micro cap,232543041,30026,560.0000136239195,-33.30917174060114
294,OMER,Health Care,Micro cap,231838143,323339,44.92032117547389,-84.02826818805245
299,SELB,Health Care,Micro cap,222312427,2400712,-86.89855077992316,-53.112035062764924
300,RIGL,Health Care,Micro cap,222276292,6297644,-12.5000074505803,-30.555558315029742
301,KALV,Health Care,Micro cap,222101347,416050,128.00566404293826,-62.79581617778043
302,SVRA,Health Care,Micro cap,220104922,209817,-34.53333536783854,-65.78366709652184
304,GRTS,Health Care,Micro cap,215648466,642061,-44.473686274399086,-61.92053103867654
305,IPHA,Health Care,Micro cap,214166224,25643,8.983046176343915,-54.73300821988583
311,ALT,Health Care,Micro cap,206478428,1312393,-98.66666670198794,770.3704173252349
312,GNFT,Health Care,Micro cap,203077556,5128,-9.09504329612052,-79.03010093182135
313,OCGN,Health Care,Micro cap,199247560,11784508,-99.40505548910714,175.42371704159925
315,WINT,Health Care,Micro cap,198456012,56533,-85.0,-98.66666666666669
319,FENC,Health Care,Micro cap,194878546,55774,-50.19920394412335,45.01511400946154
321,FULC,Health Care,Micro cap,193923241,1694943,20.344832847858296,-56.66666344990792
322,URGN,Health Care,Micro cap,193032726,89358,155.75622103860084,-73.49865682086538
324,LRMR,Health Care,Micro cap,190817172,210326,-65.94427190878504,268.7500086479953
327,ACIU,Health Care,Micro cap,182979524,75925,-38.94266848151193,-75.48076878990646
329,COCP,Health Care,Micro cap,179342960,34409,-95.98290590336926,-67.49999920527141
331,AADI,Health Care,Micro cap,177840403,115096,-87.09677419354838,35.76719770012099
333,XERS,Health Care,Micro cap,175729411,1277426,-54.03174748496404,-81.42458001034657
334,OVID,Health Care,Micro cap,174818945,82983,-68.85714190346854,-55.92416808578459
336,JAGX,Health Care,Micro cap,170884419,2419117,-99.91142856773786,-96.67431182626945
337,MACK,Health Care,Micro cap,169208084,78937,-90.07999977649688,261.5141880862314
338,ADAP,Health Care,Micro cap,168580905,623864,-71.77615744675174,19.67213146790993
339,PDSB,Health Care,Micro cap,168475433,429694,-98.94405041980608,399.9999729069807
346,IMMP,Health Care,Micro cap,158273213,63080,-27.500002483526767,-2.7777752022683675
348,AMRN,Health Care,Micro cap,150179013,5758596,580.5825653978709,-94.4495409151669
349,CTXR,Health Care,Micro cap,145702017,499055,-83.25203324524122,-19.796953301062512
350,SPPI,Health Care,Micro cap,144804246,1541207,-19.910512489027145,-90.02695415191492
353,CUE,Health Care,Micro cap,142455944,207353,42.57567216699122,-81.93916379683014
354,NKTR,Health Care,Micro cap,140620632,3363207,66.4262918237402,-89.63302720386706
361,ARAV,Health Care,Micro cap,135847810,482595,-84.6799113154449,-90.4139432928787
362,CRMD,Health Care,Micro cap,135818221,162148,-10.909086968287852,-41.71270823755975
364,GTHX,Health Care,Micro cap,134309882,1083719,76.2000020345052,-79.74636353411148
367,EPIX,Health Care,Micro cap,132277122,67452,-86.9047619047619,-54.34782627474684
369,AKBA,Health Care,Micro cap,126283610,2343857,-38.273921032902656,-90.95611267108777
370,CDXC,Health Care,Micro cap,125728665,179845,28.529404793643817,-61.29032515019272
371,YMAB,Health Care,Micro cap,124454171,327967,17.245281867261202,-84.60082034648019
373,NOTV,Health Care,Micro cap,120723122,640699,518.9873080589024,-1.984125106933572
375,TRVN,Health Care,Micro cap,119912930,90772,-85.46218487394958,-93.19047644024803
376,MIST,Health Care,Micro cap,119658147,121609,-0.5124915148337903,-75.47987534561099
377,ESPR,Health Care,Micro cap,119453615,7643007,367.34374065184977,-89.67517400842053
379,INMB,Health Care,Micro cap,118353837,50761,-36.99052009264201,5.666669209798177
380,LMNL,Health Care,Micro cap,118272154,10984,-99.49882354736329,-96.17647058823528
381,GALT,Health Care,Micro cap,118019494,129050,188.65978038454213,-60.76389061356026
383,TCRT,Health Care,Micro cap,113672221,969194,-11.786369921146235,-86.34453897262033
384,CLLS,Health Care,Micro cap,113390887,83726,-2.3742230843087966,-88.3333338631524
386,CTMX,Health Care,Micro cap,111682580,717497,-21.718603943294653,-81.13207417202396
387,PLX,Health Care,Micro cap,111265654,1347087,-39.79166687362723,-63.368983923129264
389,CMRX,Health Care,Micro cap,110341959,843840,-56.90021327073234,-9.268289874665095
390,MNMD,Health Care,Micro cap,109668540,332332,-91.01123649254822,161.9047757584496
391,SLGL,Health Care,Micro cap,108281112,5357,-4.575162095024233,-73.9428574698312
393,MNOV,Health Care,Micro cap,107901741,26684,9.81696594478337,-69.94135042936668
394,EYEN,Health Care,Micro cap,107641096,109612,-60.299999713897705,-63.77777788374159
395,TRVI,Health Care,Micro cap,106880271,72912,-60.526315789473685,-48.39572345918328
396,BCTX,Health Care,Micro cap,106143243,138001,-80.0,-51.4444457160102
397,CAPR,Health Care,Micro cap,105819095,131420,-95.3308825540295,196.92307974459868
399,PBYI,Health Care,Micro cap,103077174,453425,-73.08800048828125,-52.25733427782256
400,ETON,Health Care,Micro cap,102850550,81504,11.111111940248945,-61.10344919665106
401,XFOR,Health Care,Micro cap,102654290,864120,-86.16666671557304,-90.82255084177186
403,CDTX,Health Care,Micro cap,102413870,3697316,-66.66666666666667,-80.41450769681285
404,VXRT,Health Care,Micro cap,101766130,1563183,-97.38181807778098,182.35293189547065
405,GOSS,Health Care,Micro cap,101633479,7534538,-19.210524308054072,-86.17834329518048
406,RVLP,Health Care,Micro cap,101336810,84020,-16.176467150827804,-84.1134755394719
407,LIFE,Health Care,Micro cap,99944658,293676,-86.76190451970176,-48.71194222475692
408,XBIT,Health Care,Micro cap,98927644,23660,88.89969575283438,-81.27001049448879
410,GMDA,Health Care,Micro cap,96957934,828607,-48.93364742816962,-71.20535811694452
411,PRTK,Health Care,Micro cap,96778338,1276376,-73.86581308446068,-53.59801718577823
412,CVM,Health Care,Micro cap,94913337,195053,394.8571341378348,-73.62514091046678
413,PIRS,Health Care,Micro cap,91519691,104261,160.86955920810132,-71.4285732999888
414,GRTX,Health Care,Micro cap,91228041,641427,5.599998474121094,-88.771665726168
415,CLGN,Health Care,Micro cap,91169820,6456,-36.022346880659114,48.47084412978619
416,RUBY,Health Care,Micro cap,91115232,7315896,-67.32218881601038,-98.15983183167238
419,CLNN,Health Care,Micro cap,90668890,195480,7.487174792167468,-90.45801485038416
420,MTNB,Health Care,Micro cap,88752559,286131,58.99281013604868,-79.07949882621251
421,VSTM,Health Care,Micro cap,88137768,602204,23.684208324851586,-70.5882335754139
423,CELU,Health Care,Micro cap,86833972,599220,1.5306083225598954,-87.03517601425662
424,AFMD,Health Care,Micro cap,86603654,806286,50.2702667871647,-55.39568265114602
425,DARE,Health Care,Micro cap,86521991,215566,-88.62068981959902,2.2167496543921468
426,ORMP,Health Care,Micro cap,86330874,659928,-18.688522693579667,131.34615719671092
428,ATOS,Health Care,Micro cap,86015758,264623,-90.47618990176927,-65.5844165897225
429,FBIO,Health Care,Micro cap,84741147,753975,-10.545453158291904,-74.5173726603105
430,ACHV,Health Care,Micro cap,84452005,91884,-99.07308381296522,-76.8867928347752
431,TLSA,Health Care,Micro cap,84415816,85477,-55.04760109501584,-47.93750098266944
435,MDWD,Health Care,Micro cap,82970629,36966,-35.319149848954225,-39.3980250116296
436,IFRX,Health Care,Micro cap,82356031,48594,-73.79999955495198,-23.645321469875224
437,DTIL,Health Care,Micro cap,82325446,357661,-24.888886345757378,-91.56626444950112
440,RVPH,Health Care,Micro cap,80749340,71743,8.393787063590215,-59.36902500477521
443,EYPT,Health Care,Micro cap,79923488,310679,-12.13872555148287,-77.70700609859547
444,CYBN,Health Care,Micro cap,79815698,1571141,0.0,-77.42193541324318
446,SNGX,Health Care,Micro cap,79303368,28570,-37.82608474510303,-68.96551724137932
448,ONCY,Health Care,Micro cap,77905428,238719,114.40443202319568,-63.85809506631102
449,ATNF,Health Care,Micro cap,77684148,66409,10.24742519732603,-98.41499905203312
452,VBIV,Health Care,Micro cap,76366741,970510,-58.89967666838897,-72.34042548394576
453,OCUP,Health Care,Micro cap,74905254,71761,-88.9999998940362,-55.87500035762787
454,SEEL,Health Care,Micro cap,74801856,855834,-96.6169154515069,-48.48484999001622
455,NCNA,Health Care,Micro cap,74617400,104721,-63.54838648150045,-88.87015100621086
457,ADVM,Health Care,Micro cap,74587338,458179,274.00000890096027,-95.00000030829987
458,BLPH,Health Care,Micro cap,73459318,887513,-34.108526415423995,-83.33333406919313
459,GLYC,Health Care,Micro cap,73393522,680167,-12.861732168532043,-43.36448550651203
460,IPA,Health Care,Micro cap,73310217,76839,-49.15635763364769,149.28230871328682
462,RZLT,Health Care,Micro cap,71813756,29162,-89.3406595502581,-67.90697683014912
466,CRDF,Health Care,Micro cap,69249612,175799,-99.18604653383504,11.1111100598828
469,ENLV,Health Care,Micro cap,67386924,12335,-79.69047682625907,-56.09810650468592
471,IMUX,Health Care,Micro cap,66161719,849653,-94.65517230417537,-85.4922276528404
473,MYMD,Health Care,Micro cap,63941415,575266,-99.09960044910224,-82.03125064028426
475,VTVT,Health Care,Micro cap,63508318,296366,-63.465552944952286,-61.22807176538497
478,CLSD,Health Care,Micro cap,62591585,143935,-65.41020258071447,-60.7017529036456
479,CGEN,Health Care,Micro cap,61650758,265572,15.294122046940412,-88.01996670232764
481,UBX,Health Care,Micro cap,58790388,235262,-60.26315789473684,-96.19444443119896
482,BCLI,Health Care,Micro cap,57918720,138502,70.23809501283203,-61.86046714070932
487,CSBR,Health Care,Micro cap,56268398,19640,211.1538634356669,-45.72803849401176
488,MREO,Health Care,Micro cap,56185872,542372,-48.54771927904994,-75.40983568113101
489,ARMP,Health Care,Micro cap,56024294,27503,-94.9841268478878,-63.31361042744077
490,ASMB,Health Care,Micro cap,55583202,143791,71.44046428136393,-93.69849730877073
492,TCRR,Health Care,Micro cap,54893027,2349040,-7.436918072485781,-93.14951999373636
493,ENOB,Health Care,Micro cap,53755828,148359,-15.762716782089544,-79.5228642459835
495,VIRX,Health Care,Micro cap,53391200,54667,-90.68493127835404,-87.76176466073957
497,FIXX,Health Care,Micro cap,53064160,260022,-9.608691671620244,-93.9130437486789
498,APTO,Health Care,Micro cap,52658583,150242,282.8571589139046,-89.77072353604267
499,AMPE,Health Care,Micro cap,52272266,107731,-43.47826026863623,-97.56613747286193
501,ONCT,Health Care,Micro cap,51536912,271750,-89.08843475134195,-75.6691005470865
502,HEPA,Health Care,Micro cap,51454991,210195,-99.2465156572898,-94.45471333712688
504,CRIS,Health Care,Micro cap,50241307,389684,-90.0952384585426,-67.45562169829076
505,PMCB,Health Care,Micro cap,49713647,41309,-73.11827949875433,-95.52056275383686
509,SPRO,Health Care,Micro cap,48042443,475487,-26.26414748857606,-82.27459038418807
511,NRXP,Health Care,Micro cap,47403947,187390,10.93749161809716,-89.52830212869097
512,BLRX,Health Care,Micro cap,47372406,294052,-83.33333390922361,-73.77777894337972
513,MGTA,Health Care,Micro cap,46894195,329120,-1.6118632902046277,-97.34923789320264
517,NXTC,Health Care,Micro cap,44717003,79723,242.1221872051008,-97.49333339267308
518,AQST,Health Care,Micro cap,44407931,382119,-64.43708774902426,-84.71186448417495
519,BYSI,Health Care,Micro cap,44378971,112333,-21.100001335144043,-87.90218790317518
520,PRTG,Health Care,Micro cap,44056436,26616,-27.692310626690205,-51.91818150607023
522,SYBX,Health Care,Micro cap,42981903,103820,-81.42076474255,-70.76923006385033
523,EIGR,Health Care,Micro cap,42798357,337064,31.02564250955244,-92.16987411119072
525,PPBT,Health Care,Micro cap,42063276,28116,-76.3664597726559,-82.30769280145859
526,CNSP,Health Care,Micro cap,42034105,104016,-7.593123974746971,-97.94871786720732
527,ABEO,Health Care,Micro cap,41737192,154776,-31.5686274509804,-96.56824521035536
528,ICCC,Health Care,Micro cap,41523191,7936,-16.949152268407268,18.446597896564857
531,BCDA,Health Care,Micro cap,40892820,18142,-97.04545462937904,-43.81720704044931
532,TARA,Health Care,Micro cap,40794765,31420,-77.43589694683368,-83.65853579820158
533,GNPX,Health Care,Micro cap,40458225,363909,-93.63247823080366,326.47059777409964
534,APLT,Health Care,Micro cap,40374329,127660,235.00000794728632,-97.21611717325057
535,TCON,Health Care,Micro cap,40260096,68532,-95.58823529411764,-36.59574170196784
537,DMAC,Health Care,Micro cap,39955639,8950,118.12384997783012,-67.42061668908457
538,MBIO,Health Care,Micro cap,39385714,377130,-60.10526422868695,-90.57279183041744
540,ORGS,Health Care,Micro cap,39040235,79710,12.365585919101372,-59.45945798583784
542,AVRO,Health Care,Micro cap,38958938,364998,-32.03390089132018,-96.50934133128808
544,BCEL,Health Care,Micro cap,38498821,154416,-20.65326500232764,-94.88832166466864
545,DYAI,Health Care,Micro cap,38274554,18731,212.0481887045749,-76.34615261173808
546,APM,Health Care,Micro cap,38177919,6484,-10.759493670886076,-96.5616405544179
547,SURF,Health Care,Micro cap,37759823,196013,-86.77966069366973,-56.84210509804807
548,MDNA,Health Care,Micro cap,37430140,48818,14.196432002116817,-82.84644227698844
549,NYMX,Health Care,Micro cap,37219826,45310,-18.181818181818183,-85.10138282771017
550,TNXP,Health Care,Micro cap,35630692,1402168,-99.7673469387755,-98.97584033613444
551,MNPR,Health Care,Micro cap,35494670,10786,122.15566933657392,-85.84229439687277
552,ELDN,Health Care,Micro cap,35306796,40175,-93.45555540956096,-78.5673992185034
555,PTN,Health Care,Micro cap,34573308,64546,52.94117647058823,-86.87179516523312
556,SLS,Health Care,Micro cap,34529055,620143,-99.86030150498178,-43.94299587382957
558,MEIP,Health Care,Micro cap,33315216,1516751,63.19444876762096,-90.4761903860852
559,LPTX,Health Care,Micro cap,32677054,722989,-81.5711939278509,-59.09090909090909
560,AXLA,Health Care,Micro cap,32364128,107711,-75.52910002851561,-91.54639176841444
564,ERYP,Health Care,Micro cap,32066980,4560,-71.92622946014137,-95.38966470754964
565,CRVS,Health Care,Micro cap,31661043,79450,-66.62116045176953,-84.65703917518533
568,VTGN,Health Care,Micro cap,30705702,2087458,-80.87431747146586,-85.71428571428571
569,ENTX,Health Care,Micro cap,30538517,56711,-71.91780960611293,-65.8399630133251
571,KALA,Health Care,Micro cap,29632992,1693217,-78.26347305389221,-79.76127240006424
572,ABIO,Health Care,Micro cap,29252590,30957,-89.17624518622847,-59.6938802817621
573,STSA,Health Care,Micro cap,29250217,85342,6.324971852567984,-95.43147237917238
575,NOVN,Health Care,Micro cap,28132655,112047,-88.27183155189627,-95.39432175707118
578,OCX,Health Care,Micro cap,27513502,1204345,-70.20978900656281,-86.28205036113793
579,LPCN,Health Care,Micro cap,27438345,320422,-90.34666697184244,2.051277182774197
581,LUMO,Health Care,Micro cap,27288049,12545,-77.92706395896381,40.46692563687217
583,MBRX,Health Care,Micro cap,26998904,68307,-56.50224124153855,-80.58608176971211
584,CRBP,Health Care,Micro cap,26946579,2122197,-37.44186283082001,-97.98181822805694
585,TFFP,Health Care,Micro cap,26605537,171449,-0.3853560829674596,-80.3738323171354
588,EVGN,Health Care,Micro cap,25588057,69085,-71.56862598435319,-57.31707352531021
589,IBIO,Health Care,Micro cap,25356766,1593756,-93.75,-93.230769267449
592,AGE,Health Care,Micro cap,24286177,13343,44.24778779733619,-70.48128423721067
595,CASI,Health Care,Micro cap,23031553,8748,164.40678185274186,-94.24437318361076
596,EVLO,Health Care,Micro cap,22818318,155500,-73.68750095367432,-60.82724822579445
597,HARP,Health Care,Micro cap,22744350,317380,12.214285986764091,-95.17607972248268
598,EQ,Health Care,Micro cap,22369197,41632,-70.80139410566818,-70.39106241985006
600,NHWK,Health Care,Micro cap,21812265,35835,-94.43181793551798,-76.85714278902326
601,KZIA,Health Care,Micro cap,21747136,70228,-25.510203585134164,-86.29213392245406
602,AIM,Health Care,Micro cap,21132082,110997,-98.25428207926628,-45.61403398698715
603,AGLE,Health Care,Micro cap,21044162,270829,75.68806451475314,-93.94347242966636
604,ASLN,Health Care,Micro cap,20895050,89035,-66.99187115925115,-82.77511975913745
605,EDSA,Health Care,Micro cap,20861012,118053,-95.423925520272,-47.31706985187693
607,ABVC,Health Care,Micro cap,20232044,68553,-85.97222169240315,-85.69794012889226
608,GTBP,Health Care,Micro cap,20154724,55631,-94.02439003324108,-49.88687928488452
610,CYCN,Health Care,Micro cap,20021451,77064,-78.4,-76.31769038953843
611,FBRX,Health Care,Micro cap,19931426,32303,-95.06329122465624,-87.87878787878788
612,CYAD,Health Care,Micro cap,19595738,32049,-44.94736822027909,-95.70653292685316
615,SIOX,Health Care,Micro cap,19539302,369237,-95.03179647225409,-91.55339816837127
617,ACST,Health Care,Micro cap,19406581,69101,95.23809974335944,-97.51984125106934
619,VCNX,Health Care,Micro cap,19259000,103230,-59.083334604899086,-87.32673343519707
622,AKTX,Health Care,Micro cap,19044098,162182,-75.56095490914299,-72.83237031063047
623,MTEM,Health Care,Micro cap,18731287,3600372,193.59503285447323,-97.65291605075204
624,SYRS,Health Care,Micro cap,17704486,184097,-42.35197421565776,-94.81213862356896
625,AVTX,Health Care,Micro cap,17416092,16816,484.269660513384,-92.17877130523732
627,INFI,Health Care,Micro cap,17141352,1208822,-28.46715214142085,-41.66666511446234
629,NMTR,Health Care,Micro cap,16971680,63154,-96.97802197802196,-89.2857145753384
632,ACER,Health Care,Micro cap,16264991,1217264,-60.55652072928124,-37.56218899571333
635,FREQ,Health Care,Micro cap,15702642,476797,60.26786668416205,-78.14983132089299
638,NNVC,Health Care,Micro cap,15241850,18161,-87.73584994780883,-58.73605982551306
639,RGLS,Health Care,Micro cap,15219791,31252,-97.10144927536231,-84.77777772479587
640,INDP,Health Care,Micro cap,15205895,9348,-91.57894703379849,-96.38223557524832
642,ONTX,Health Care,Micro cap,15103313,77185,-98.55203623745297,-89.43089486050962
643,CLRB,Health Care,Micro cap,15000381,212519,-81.91999969482421,-92.3660711282674
644,TPST,Health Care,Micro cap,14786380,5178,-71.51898734177215,-98.86419755441172
647,HGEN,Health Care,Micro cap,13983861,2158873,-87.7750615807769,-95.10204102113217
649,ACOR,Health Care,Micro cap,13872487,155817,-88.41269895092731,-93.85964934962456
651,AEZS,Health Care,Micro cap,13207994,17158,-73.2394366197183,-86.17391275322956
652,LIXT,Health Care,Micro cap,12787913,165627,385.7143076098699,-40.00000112196978
654,BPTH,Health Care,Micro cap,12708402,33498,-97.0444444373802,-81.2887230784939
657,ARDS,Health Care,Micro cap,12331788,454296,-59.447004422646174,-74.34782669539715
660,SONN,Health Care,Micro cap,12234837,105724,-85.95238176035797,-99.44572970896516
661,APTX,Health Care,Micro cap,12080484,5028538,-81.89655077915741,-91.68221629597213
662,ITRM,Health Care,Micro cap,12075745,98749,-63.54330868858678,-98.74157307299782
664,BRTX,Health Care,Micro cap,11665115,4378007,-99.79076922490049,-87.02830235361415
666,DFFN,Health Care,Micro cap,11522847,5631,-98.7905604719764,-78.91666690508525
667,PULM,Health Care,Micro cap,11172298,23309,-84.98214312962124,-88.0981586010779
668,TTNP,Health Care,Micro cap,10971913,16222,-99.105691069833,-87.00000047683716
669,GLMD,Health Care,Micro cap,10913460,25505,62.2159110536137,-91.34948128286352
670,ADIL,Health Care,Micro cap,10899031,513076,-33.99999737739563,-91.30434777487142
671,VBLT,Health Care,Micro cap,10790343,2169469,-76.08247444472312,-89.65517234734916
672,PHGE,Health Care,Micro cap,10691167,242809,-1.9685834721154123,-98.12999993562698
674,IMRN,Health Care,Micro cap,10535672,3782,-60.10810748950856,-41.57303491184741
677,ATHE,Health Care,Micro cap,10189231,17423,-50.90908859715317,-57.3170721779119
680,CYTH,Health Care,Micro cap,9709453,85455,-30.232558139534884,-95.8235295379863
682,PSTV,Health Care,Micro cap,9627130,259818,-99.6864516063403,-86.6666661368476
684,NAVB,Health Care,Micro cap,9600264,68274,-89.99999961545389,-83.06451678803262
687,APVO,Health Care,Micro cap,8859659,52635,-74.53441500991732,-75.98343716470845
688,NERV,Health Care,Micro cap,8811318,31155,-42.60504081806346,-97.19675599584042
689,NRBO,Health Care,Micro cap,8462038,505063,-96.51972157772622,-99.73843351739352
691,MRKR,Health Care,Micro cap,8270899,28159,-18.648647617649388,-90.59233457871454
692,PCSA,Health Care,Micro cap,8066040,153405,46.93877551020408,-93.88888875643411
695,VYNE,Health Care,Micro cap,7899538,17709,-77.268293427258,-99.20886074269188
696,CELZ,Health Care,Micro cap,7741935,138174,-99.94117647058825,-98.30622217390273
697,PALI,Health Care,Micro cap,7521642,159226,-98.82051282051282,-98.21305848478862
698,CYCC,Health Care,Micro cap,7398122,45035,-86.33776147053031,-94.99999973311353
699,AYTU,Health Care,Micro cap,7325187,81537,-99.80416666666666,-98.06122451412436
700,ENSC,Health Care,Micro cap,7210778,1622942,8.777422902724398,-99.63976943836904
701,PBLA,Health Care,Micro cap,7122786,1562893,-66.92913385826772,-98.46315792150664
703,PHIO,Health Care,Micro cap,6661870,7189,-97.84210530574622,-96.22143198905562
704,ONCS,Health Care,Micro cap,6625879,4908231,-85.79365084607569,-95.91638314907064
705,XBIO,Health Care,Micro cap,6369970,46138,-97.42592599656848,-80.34482824391333
706,CBIO,Health Care,Micro cap,6326888,5974526,-33.12820532383063,-92.2173278143458
707,NBSE,Health Care,Micro cap,6266362,192658,-76.87096872637349,-97.47745369772156
708,ALRN,Health Care,Micro cap,6130575,71951,-95.78181804310192,-79.56896717568209
710,KPRX,Health Care,Micro cap,6084098,66595,-50.70707070707071,-99.1584887106488
711,ARTL,Health Care,Micro cap,6034354,12499,-39.38775614005368,-93.31018506049784
712,KTRA,Health Care,Micro cap,5997592,67654,-97.9215439117924,-80.02898589424466
714,BNTC,Health Care,Micro cap,5973978,410593,-69.47712469904201,-97.88161981471504
718,NBRV,Health Care,Micro cap,5484465,13360,-78.46655791190865,-99.43157895167072
719,ATXI,Health Care,Micro cap,5337046,1601519,23.42104995459841,-99.2019264410658
720,INM,Health Care,Micro cap,5191986,390778,-0.5681797283620226,-98.66203020416404
721,EVFM,Health Care,Micro cap,5150157,3362697,-4.2042042042042045,-99.93195108984582
722,XCUR,Health Care,Micro cap,4840205,13896,-5.960266685237702,-98.6916951579124
723,FWBI,Health Care,Micro cap,4819197,35648,-76.2979683972912,-99.72190476328878
724,SLRX,Health Care,Micro cap,4670365,16560,-97.17391304347828,-98.36800003051758
725,PTE,Health Care,Micro cap,4557621,29989,-22.727273055672978,-75.37218169753844
726,HSTO,Health Care,Micro cap,4314477,5784329,-92.85714285714286,-98.96250002086164
727,CWBR,Health Care,Micro cap,4273181,8617,-72.93929146008533,-96.5337423321857
728,QLGN,Health Care,Micro cap,4252844,858108,-99.3586956521739,-96.98479524132802
730,BXRX,Health Care,Micro cap,4033695,263208,34.23076923076923,-99.96731757382572
734,ENVB,Health Care,Micro cap,3553843,13086,-98.54992319508447,-99.537777794732
735,CANF,Health Care,Micro cap,3421904,32805,-91.2777778837416,-81.68168154837764
738,XTLB,Health Care,Micro cap,3345311,2307,-54.37499948777259,-11.678829639745178
740,HOTH,Health Care,Micro cap,2823227,278447,-13.072465537250906,-94.93506481121112
741,NBY,Health Care,Micro cap,2795902,15498,-80.61538528610062,-91.29464249601776
742,NVIV,Health Care,Micro cap,2716852,95146,-99.73333333333332,-98.57575763355602
743,BLCM,Health Care,Micro cap,2540990,214902,-91.99711562674956,-94.54545424989432
745,CFRX,Health Care,Micro cap,2246246,284702,-64.86486486486487,-98.5000000335276
747,HOOK,Health Care,Micro cap,1932811,134757,-14.895105496718594,-93.38775508257808
748,CYTO,Health Care,Micro cap,1909808,247674,-99.21759261025323,-84.4551288909147
749,BVXV,Health Care,Micro cap,1450879,21121,129.27027521906672,-96.973415188361
750,TENX,Health Care,Micro cap,1212775,9244579,-96.47499990463255,-92.18309838581216
752,CALA,Health Care,Micro cap,218937,62844,70.74626725456658,-43.8898447062006
753,QNRX,Health Care,Micro cap,11352,518405,-86.20689655172414,-98.73777770996094
755,TMO,Health Care,Large cap,213986924450,1245827,128.27446445550856,68.9233136323332
756,DHR,Health Care,Large cap,179907490460,2562069,94.8495558144077,72.39542858751251
757,DXCM,Health Care,Large cap,44244367505,2691928,263.3445419183298,107.24743617991857
758,IDXX,Health Care,Large cap,39689159833,393945,121.15141100584496,55.98975007045076
759,A,Health Care,Large cap,38775383984,1711686,84.84650764592234,74.21419236110216
760,IQV,Health Care,Large cap,34994547104,1285556,100.03910673921902,31.991242046590667
761,ILMN,Health Care,Large cap,34278100000,1351142,154.03733010761007,-38.55037093164637
762,MTD,Health Care,Large cap,32025875675,90050,87.687528000184,79.52109267008821
763,LH,Health Care,Large cap,18996525000,675075,30.33212484452736,38.55024010996998
764,WAT,Health Care,Large cap,17575203372,443651,72.66937961640501,45.82215862282361
765,ICLR,Health Care,Large cap,16986240907,511981,125.0066035217374,12.44573082489146
767,DGX,Health Care,Large cap,15072021376,1508442,14.650707228242512,46.53428185752742
768,EXAS,Health Care,Large cap,11657183258,2182658,575.0184060549142,-47.03113547133773
769,QGEN,Health Care,Large cap,10436244124,742989,14.629256642029128,45.43598017024964
770,CRL,Health Care,Mid cap,9876406435,659048,97.96610479704914,41.24585976651986
771,NTRA,Health Care,Mid cap,6310012098,1839178,184.15252743490623,18.63555063452857
772,QDEL,Health Care,Mid cap,5664277353,440135,238.4721794807201,13.862308082544695
773,MEDP,Health Care,Mid cap,5605174883,418171,128.5832075383952,149.92353100488526
774,LNTH,Health Care,Mid cap,5430328672,1146807,134.21966615443878,146.54087516389404
777,NEOG,Health Care,Mid cap,3953461836,1638198,31.176742706775048,-53.31800906594229
778,SYNH,Health Care,Mid cap,3440002282,1518067,12.570883779518292,-38.86666615804037
780,GH,Health Care,Mid cap,2513208208,1961567,180.7567699535473,-65.38999614404422
781,NEO,Health Care,Mid cap,2314636917,1461196,239.2773994079216,-68.73096443424036
782,PACB,Health Care,Mid cap,2283013416,4180410,35.60209211682685,58.22050646930589
783,MYGN,Health Care,Small cap,1919316338,829522,58.04528827504648,-46.98575161136807
784,RDNT,Health Care,Small cap,1338330686,397465,212.76922959547773,-6.828298977147679
786,NRC,Health Care,Small cap,1067396526,61823,243.23762227823087,-43.7235969764207
787,OPK,Health Care,Small cap,973540023,5419768,-84.06113468921669,-16.107383087290163
788,HSKA,Health Care,Small cap,969739406,113302,35.303114621896235,-35.831528765384114
789,TWST,Health Care,Small cap,908594036,1472009,62.07692072941707,12.20546765502444
790,FLGT,Health Care,Small cap,889992152,479296,12.987012772547525,129.42990552305292
792,CSTL,Health Care,Small cap,588915651,227281,75.20000457763672,-32.64663690511598
794,CDNA,Health Care,Small cap,473944881,3383838,623.1034008189431,-47.660549326924645
795,SENS,Health Care,Small cap,343618733,4221843,-66.2222228010986,14.317419003839042
796,BNGO,Health Care,Small cap,333800510,5907036,-80.16666571299235,10.60605910089287
797,NVTA,Health Care,Small cap,313901441,8964691,92.99999475479126,-88.65853623433314
799,SRDX,Health Care,Micro cap,241961250,510066,63.51297537715632,-17.9610511981167
800,CELC,Health Care,Micro cap,217972535,128340,-20.71428993121284,22.465041457741265
801,TTOO,Health Care,Micro cap,176271364,464701,-79.19847328244275,-97.6134454502779
802,LAB,Health Care,Micro cap,167615527,273233,-54.37415634958107,-66.6666677987587
803,ANIX,Health Care,Micro cap,133286181,96436,-41.27272692593661,29.179332804802577
805,PSNL,Health Care,Micro cap,126656809,428441,-57.54237162796325,-82.27394802551852
806,CHEK,Health Care,Micro cap,126299653,21961,-94.1908718783062,-93.67816064392092
808,DRIO,Health Care,Micro cap,106074745,159345,86.11111703887069,-34.355824810905176
809,ENZ,Health Care,Micro cap,105781809,2693898,-62.51767990063982,-45.419846946185466
810,VNRX,Health Care,Micro cap,102216761,132744,-0.6382922167795148,-49.37500062088169
811,DMTK,Health Care,Micro cap,98693475,355168,-38.50515185690716,-88.49154767388728
817,STIM,Health Care,Micro cap,79758966,474424,-82.07999992370605,51.99114855197109
819,OPGN,Health Care,Micro cap,75177900,538163,-99.79741379310344,-87.73913072503132
821,AWH,Health Care,Micro cap,52192799,164476,-13.68420918782552,-59.25925954996932
822,AXDX,Health Care,Micro cap,48558745,499433,-20.381860118492693,-95.84552360549932
824,CODX,Health Care,Micro cap,44837780,74087,-84.74999964237213,180.0000052981908
825,XGN,Health Care,Micro cap,37857816,17508,54.702386615498256,-90.53254414496271
826,HTGM,Health Care,Micro cap,37017326,102263,-70.22222332739103,-96.73537891069282
829,BMRA,Health Care,Micro cap,32280472,14041,26.99114591459741,13.945572769809138
830,PMD,Health Care,Micro cap,28449268,8139,-63.85737453000241,-47.141317654804894
831,GENE,Health Care,Micro cap,21159706,295255,-54.77272803625783,-55.288459554579056
832,CNTG,Health Care,Micro cap,18136467,8948,-29.894738448293584,-90.85545722540978
833,SLNO,Health Care,Micro cap,17726270,30532,-29.22318339979237,-95.36842100801525
834,ONVO,Health Care,Micro cap,17080596,49068,-89.83050918232075,-80.94594664256707
835,PRPO,Health Care,Micro cap,14376764,59358,-98.49042143401516,-73.38164169971029
838,TRIB,Health Care,Micro cap,10388076,26816,-84.4155834102775,-3.883491549912931
839,NDRA,Health Care,Micro cap,9539000,10134,-60.85319704190079,-88.43749976293607
841,BIOC,Health Care,Micro cap,5117631,165417,-98.88888888888889,-82.33333375718858
842,MOTS,Health Care,Micro cap,2427138,30010,-55.59999847412109,-98.2127660132469
843,JNJ,Health Care,Large cap,471501804279,8943713,25.49663550155395,21.100980194432147
844,LLY,Health Care,Large cap,316106512334,3792061,77.57641157208033,177.6352618016487
845,ABBV,Health Care,Large cap,273971219521,7552780,40.68658490005517,81.42119138799993
846,MRK,Health Care,Large cap,264597492835,10832183,53.896867371902026,27.66315429456117
847,PFE,Health Care,Large cap,226792087106,24867457,18.9908237873175,37.42228710800824
848,AZN,Health Care,Large cap,208483600671,4044633,81.65636423609858,34.79126059668692
849,NVS,Health Care,Large cap,198331040503,2271007,44.76306909633425,-4.192629758521491
850,BMY,Health Care,Large cap,140576015006,8575789,8.421233184310497,12.685980685503209
851,SNY,Health Care,Large cap,130446064833,1262224,23.742595974760924,-4.250694835995175
852,AMGN,Health Care,Large cap,124469861078,2903115,62.4983114301704,8.082310554912551
853,GILD,Health Care,Large cap,98222001929,6312042,-10.243290583128765,31.00869841805031
854,GSK,Health Care,Large cap,72111783971,2827273,22.127114819223426,-24.930573897187024
855,MRNA,Health Care,Large cap,57628000036,3453513,-13.409094376997514,817.8334078599529
856,BIIB,Health Care,Large cap,38313258750,988196,3.565181645890612,-7.403191437036499
857,HZNP,Health Care,Large cap,24626696987,1738093,121.51198464367516,216.11111958821616
859,GRFS,Health Care,Small cap,1811676012,1480293,43.83138233118692,-63.76811452807835
862,ZTS,Health Care,Large cap,74716474088,2194091,145.3786267500755,10.980688879133638
863,TAK,Health Care,Large cap,51329670075,2727912,-3.5801842279943035,-21.29162148502202
864,CTLT,Health Care,Large cap,11280867855,1939234,109.08083820825544,-20.392646634761025
865,VTRS,Health Care,Large cap,11010688423,11020263,-49.50623561247949,-44.62686615318818
866,TEVA,Health Care,Mid cap,9475059146,9330484,-73.50776606474713,-7.598784282635446
867,RDY,Health Care,Mid cap,9075521054,199538,-9.825179822167064,27.840910536584108
869,PRGO,Health Care,Mid cap,4485139037,1455440,-38.6885621728022,-33.97249768092566
870,ELAN,Health Care,Mid cap,4320667374,9492615,-9.178291734798934,-58.81361565350155
871,BHC,Health Care,Mid cap,2634399994,3516910,100.40845047654828,-79.22593349353464
872,SNDL,Health Care,Mid cap,2556748120,4629809,-80.95238109189881,-93.25806479300222
873,SUPN,Health Care,Small cap,1903191640,605441,-8.25147472894291,49.18443495015765
874,PCRX,Health Care,Small cap,1773764570,718371,35.03805988087925,-14.918466942303336
875,AMPH,Health Care,Small cap,1767871626,501875,3.277800553448806,44.13580086417412
877,IRWD,Health Care,Small cap,1620201063,2209690,3.1603657221241974,-7.468259703956424
878,TLRY,Health Care,Small cap,1606440974,13085404,-31.800430423643245,-84.74191613572663
879,CGC,Health Care,Small cap,949351668,5115077,173.0311101256877,-89.28571428571429
881,TARO,Health Care,Small cap,905037914,17255,-16.13821966109669,-67.11956406717565
882,COLL,Health Care,Small cap,783531064,437460,27.89072079723781,11.111119230943846
883,CRON,Health Care,Small cap,734510528,2680123,-19.66019333201084,-67.9292937198861
885,ANIP,Health Care,Small cap,661593732,81431,0.7574495108512843,-35.32154493765454
886,AVDL,Health Care,Small cap,564657610,549564,-19.286515545263008,-7.731963450678694
888,PROC,Health Care,Small cap,521247725,33413,-0.1015251623811997,-46.80851002155188
889,HROW,Health Care,Small cap,467031796,370367,207.6000022888184,88.74680185264037
890,EOLS,Health Care,Small cap,465396203,395197,2.9333326551649304,-38.69387568259726
891,EBS,Health Care,Small cap,394101642,1588692,62.25344411536758,-78.23843685277286
893,PETQ,Health Care,Small cap,335371572,381559,17.14285895937965,-63.542902596859975
894,EGRX,Health Care,Small cap,334117024,422732,-25.380017697989484,-51.797493673415104
896,ASRT,Health Care,Small cap,321799770,2909183,-93.64764270162736,-17.30768560657815
898,PAHC,Health Care,Micro cap,295504950,151481,-16.58783710856261,-46.03621874625102
899,ORGO,Health Care,Micro cap,254481828,3441070,-50.86294451629544,-44.53608020381496
900,ACB,Health Care,Micro cap,241507281,4794864,11.046515281337628,-96.5814815627204
901,ZOM,Health Care,Micro cap,210678429,4750378,-85.99999959418112,-51.48809383899952
902,OGI,Health Care,Micro cap,202553204,1006455,-73.35722760377874,-67.99999952316284
903,AMRX,Health Care,Micro cap,198466087,1215975,-73.52941176470588,-60.040160604116295
904,KMDA,Health Care,Micro cap,195415017,20779,19.824564074618827,-42.21901735130702
905,OPTN,Health Care,Micro cap,187840923,308348,-51.875,-80.10752703333358
906,RDHL,Health Care,Micro cap,160829226,3336305,-44.824396999292766,-97.74557164161354
908,PRPH,Health Care,Micro cap,121757675,50282,1.4925358971198917,401.5625171712604
910,DRRX,Health Care,Micro cap,110916448,106008,159.55881063913426,-86.15999984741211
912,INCR,Health Care,Micro cap,97489362,96544,-56.17529768839413,153.84615948919733
913,SCTL,Health Care,Micro cap,93381413,457651,161.97625855921154,-91.92849358920049
915,THTX,Health Care,Micro cap,78016144,61290,44.87805354602287,-73.41389696542844
916,SLDB,Health Care,Micro cap,73728880,50360,-83.29411724813623,-92.08241301535467
918,RLMD,Health Care,Micro cap,69830151,231089,859.5588788716724,-90.91145866964423
920,SCYX,Health Care,Micro cap,58945871,185578,-72.65625,-83.04347853128762
921,HEXO,Health Care,Micro cap,54228795,531916,2.3753751021679945,-98.9069264352984
923,COSM,Health Care,Micro cap,36800780,675879,-72.68292607756187,103.5714251502436
925,TXMD,Health Care,Micro cap,33835362,40352,-59.66101694915254,-95.38016516315052
926,CRDL,Health Care,Micro cap,32209012,80821,-5.932659432385398,-85.71428571428571
928,CPIX,Health Care,Micro cap,27927078,9525,-13.513513049099448,-56.22567979678944
929,NLTX,Health Care,Micro cap,26752903,465229,-30.22699841772097,-95.86850636407324
930,ZYNE,Health Care,Micro cap,20817651,270539,-65.58877317562504,-91.29720922643078
931,CPHI,Health Care,Micro cap,19324635,1226198,-14.81481808530281,-58.33333498901784
932,ADMP,Health Care,Micro cap,17997992,4676417,-78.09523844124239,-75.0
937,RMTI,Health Care,Micro cap,12982068,118722,-64.24242475194221,-96.25231925094351
938,SISI,Health Care,Micro cap,12498100,24854,-84.16666599388054,-57.000900089388665
939,YCBD,Health Care,Micro cap,12425097,326354,-52.32558208305342,-90.25751044230188
940,ATNX,Health Care,Micro cap,11262172,105481,28.00000508626302,-99.04158539159268
941,ALIM,Health Care,Micro cap,9933555,15792,59.99999576144748,-64.62140871892403
942,AGRX,Health Care,Micro cap,9828716,372409,-57.36568457538995,-99.77832030504942
943,EVOK,Health Care,Micro cap,8758843,10948,-19.90050156466636,-86.21399180487667
944,NEPT,Health Care,Micro cap,5945174,52043,164.28572461288329,-99.67229903958308
946,ACRX,Health Care,Micro cap,5362799,276531,-21.481478655779803,-94.69483551311352
947,SNOA,Health Care,Micro cap,4835217,340898,-90.39098771670864,-75.65217330460285
949,SXTC,Health Care,Micro cap,826328,243868,-81.51447604408227,-83.47560974280087
951,VEEV,Health Care,Large cap,24530488891,1149027,243.5991451580272,13.647890762544014
955,HQY,Health Care,Mid cap,4882025337,899309,79.54102187322874,-17.802372122177346
956,TXG,Health Care,Mid cap,4763708771,1018199,40.98147639521846,-52.61994943232387
957,TDOC,Health Care,Mid cap,3940214562,3578213,400.0000114555476,-71.84523854936872
959,RCM,Health Care,Mid cap,3845875000,1872090,369.4545399058949,-16.091956710932987
960,PINC,Health Care,Mid cap,3726491046,546343,23.67642485717465,-7.826090015796566
961,EVH,Health Care,Mid cap,3324909275,1049300,-39.06040163642836,207.5574980474746
962,PGNY,Health Care,Mid cap,3086150931,1493648,108.92592536078558,13.686131577403096
964,OMCL,Health Care,Mid cap,2520213139,596142,137.8779017480406,-38.51219735494474
968,PHR,Health Care,Small cap,1634637432,444348,-1.3831807074145737,21.01720601098716
970,MDRX,Health Care,Small cap,1408358513,1584940,-4.927538261688591,79.0862812841471
972,NXGN,Health Care,Small cap,1101899770,494988,20.792075540302253,16.501238889132765
974,SLP,Health Care,Small cap,870307136,119369,216.0824788689855,28.270780081500185
975,HSTM,Health Care,Small cap,798195263,165529,7.973027774205019,-9.044303777577024
978,HCAT,Health Care,Small cap,664089924,550623,-8.69681587608246,-69.6891924524033
983,CPSI,Health Care,Small cap,410768782,115080,11.21848807514377,2.446366676687964
986,NH,Health Care,Micro cap,273854078,5156,-89.77159977262839,-77.46913362214362
988,OPRX,Health Care,Micro cap,239914361,702024,318.5185101606048,63.9024315810785
990,TRHC,Health Care,Micro cap,138652606,108177,224.6848128469489,-89.89383451301043
993,STRM,Health Care,Micro cap,97033669,60921,3.053441435840466,17.037038149002957
999,ICAD,Health Care,Micro cap,32427437,111501,137.30887688516552,-76.38709622044718
1000,UPH,Health Care,Micro cap,23183824,42106,2.577319587628866,-98.36180905001846
1005,WORX,Health Care,Micro cap,4189352,21595,-96.0201873811242,-87.0163933099902
1006,UNH,Health Care,Large cap,438353946746,3298476,82.3682723259572,80.34559251051864
1007,CVS,Health Care,Large cap,92931161341,8785145,-7.388797119275678,24.835901589499745
1008,CI,Health Care,Large cap,76219647872,1842853,51.57194807704623,61.322361031464126
1009,HUM,Health Care,Large cap,61406290838,942184,81.28357956593344,39.50048952302695
1010,CNC,Health Care,Large cap,34498136102,3900726,120.30404130617956,30.21594590713205
1011,MOH,Health Care,Large cap,15364323776,565519,150.39630661362327,142.8088244269876
1015,HCA,Health Care,Large cap,70081642967,1253283,98.42657590190709,61.960043724833454
1016,FMS,Health Care,Large cap,11890116077,1183357,-12.971301028023415,-55.60988985878159
1018,UHS,Health Care,Mid cap,8887776694,963535,33.5549079272561,-2.336056596084099
1020,CHE,Health Care,Mid cap,7650057714,75429,175.05612171415189,15.81204428587176
1021,DVA,Health Care,Mid cap,6801696000,771621,14.426945127398756,-0.7839542260670838
1022,ACHC,Health Care,Mid cap,6340886935,1072156,-1.2548609749759516,146.31958170278415
1023,THC,Health Care,Mid cap,5641439466,1564174,152.4699656244326,27.722512934769377
1024,OPCH,Health Care,Mid cap,5638869464,2296269,236.6972443953317,97.96052980373445
1025,EHC,Health Care,Mid cap,5161891363,1081126,67.14904619543941,8.018928694897806
1027,ENSG,Health Care,Mid cap,4894951573,413049,111.28413462539622,109.03668607813286
1028,SGRY,Health Care,Mid cap,3988777211,856493,-3.9252286025776897,74.34293747453188
1029,AMN,Health Care,Mid cap,3396192521,765750,59.10024925956631,64.30168853686553
1030,SEM,Health Care,Mid cap,3113275310,640910,72.08955315232784,6.201885436217909
1032,AMED,Health Care,Mid cap,2271706514,486947,290.0350311184942,-50.22344038366721
1033,AMEH,Health Care,Mid cap,2211258742,276588,146.39999389648438,59.859534233919256
1034,ADUS,Health Care,Small cap,1608099548,154171,172.03389520014122,2.1038540342771523
1036,USPH,Health Care,Small cap,1198132586,111884,61.618176781471824,-29.113812868588333
1037,MODV,Health Care,Small cap,1161920049,124827,54.96583661088916,50.958959337213024
1038,MD,Health Care,Small cap,1155818706,860626,-59.362847998407936,-46.71925427795945
1040,NHC,Health Care,Small cap,860208892,169923,12.871287128712872,-31.435813739381004
1043,CYH,Health Care,Small cap,623679534,2232329,-50.61511573776303,46.44068141806843
1044,BKD,Health Care,Small cap,439923154,2081441,-43.10757164962629,-62.65389821555271
1046,PNTG,Health Care,Small cap,369538162,995000,415.2845535389264,-66.74742764985423
1047,SMTI,Health Care,Small cap,325523730,18288,300.0,221.32768707844025
1050,JYNT,Health Care,Micro cap,238577329,145301,544.4000244140625,-14.233127628308988
1053,IONM,Health Care,Micro cap,78832320,346470,-52.96296366938838,-78.86178972101925
1054,SNDA,Health Care,Micro cap,70830563,2105,-80.91133052753692,-73.11827956989248
1059,AIH,Health Care,Micro cap,40224400,4838,-49.14979744267028,-79.84375089639796
1062,CCM,Health Care,Micro cap,30970037,1709,-41.66666405242783,-37.16474898039514
1064,CCEL,Health Care,Micro cap,26353278,19069,74.01392342393424,-38.69565274479558
1066,AMS,Health Care,Micro cap,17351460,36646,-23.03030307408973,19.591837131892667
1069,OTRK,Health Care,Micro cap,12822063,344163,191.2962826747138,-97.77108435984498
1070,SSY,Health Care,Micro cap,7488657,13161,-4.91803775260399,-46.49122614389419
1071,RHE,Health Care,Micro cap,6174484,12767,-86.20689544924684,138.8489185187345
1072,ABT,Health Care,Large cap,168650302450,5660540,124.69583394187777,27.573790413806456
1073,SYK,Health Care,Large cap,103905834976,1345688,74.21751104323201,15.90499794417948
1074,MDT,Health Care,Large cap,103200967030,6349829,60.754448832990434,-32.09854810207978
1075,BSX,Health Care,Large cap,68905505471,7773188,107.13629420238884,1.6923086983816964
1076,EW,Health Care,Large cap,48215275206,4294330,147.78252418845466,-2.682604671398815
1077,ZBH,Health Care,Large cap,26114172790,1305226,43.20786393553414,-12.438323951919797
1078,ALGN,Health Care,Large cap,23862582162,925573,185.65655610435783,-25.000005426311663
1079,PODD,Health Care,Large cap,21661717633,791073,344.0220472302337,71.91661130855874
1080,BIO,Health Care,Large cap,13544591575,198985,102.0332318999752,13.010644326258904
1082,SNN,Health Care,Large cap,12261955025,1113373,60.03321447995697,-44.40769075162629
1083,BRKR,Health Care,Large cap,10982779272,976907,137.92451326174057,32.12835700552235
1085,PEN,Health Care,Large cap,10606868944,353988,156.28526091244092,35.51413362036513
1086,SWAV,Health Care,Mid cap,7694687395,481562,78.22581501086496,362.8771028498074
1087,INSP,Health Care,Mid cap,6852347285,328125,200.24499577992296,238.4574188123528
1088,GMED,Health Care,Mid cap,5247033849,1476008,135.6054413122069,25.88135024248544
1089,IART,Health Care,Mid cap,4425491138,604225,34.89074421621584,-4.28474233146892
1091,CNMD,Health Care,Mid cap,2939535931,413863,147.72675661890534,-20.88539926335895
1092,AXNX,Health Care,Mid cap,2762987135,813623,69.03427071897659,125.00898423633716
1093,TNDM,Health Care,Mid cap,2692755902,2388483,167.40909923206675,-24.883020306951806
1094,INMD,Health Care,Mid cap,2526186586,1378001,182.7155996900086,78.50000381469727
1095,ITGR,Health Care,Mid cap,2508993793,446045,168.777227241641,-15.668885406362998
1096,TMDX,Health Care,Mid cap,2376402924,493758,-7.209872022087191,222.8033394959712
1097,LIVN,Health Care,Mid cap,2274888435,763223,66.06235102923873,-26.61204982615606
1098,NUVA,Health Care,Small cap,1921191900,1153081,15.170874623319918,-46.84196867090207
1099,AHCO,Health Care,Small cap,1852970528,2598929,8.247424808923482,77.30626423253324
1100,ATEC,Health Care,Small cap,1726648359,1340424,120.31250267755236,73.2117837762212
1101,ESTA,Health Care,Small cap,1690955433,178151,4.423075455885667,137.6040663044936
1102,SILK,Health Care,Small cap,1486941925,715088,19.9698299462122,29.59784221708191
1105,AVNS,Health Care,Small cap,1304449543,329485,-9.86257016226289,-20.011829733032094
1109,NVRO,Health Care,Small cap,1095194340,544227,61.96539327760056,-66.33225850245795
1110,KIDS,Health Care,Small cap,952158599,155277,144.7619008213003,-16.410686802832554
1113,VREX,Health Care,Small cap,699344000,289014,6.30311862985907,-32.4683978785156
1114,SIBN,Health Care,Small cap,674523139,423777,0.999995640345982,-37.12436010567223
1115,VRAY,Health Care,Small cap,610865946,1502527,38.498398710803,6.161143170815847
1116,OFIX,Health Care,Small cap,563238464,400842,26.65010154616921,-55.88740807309268
1118,CUTR,Health Care,Small cap,503921630,1010691,105.3025829897266,22.22222456525842
1119,AORT,Health Care,Small cap,476538053,187935,39.79112789046739,-55.68555862335319
1120,IRMD,Health Care,Small cap,473506012,40319,112.45614143693292,19.417476900672064
1122,ZYXI,Health Care,Small cap,443137573,382678,2174.284553917719,92.46539976736344
1125,MDXG,Health Care,Small cap,403854160,615755,-15.254240941010345,-63.37286013832424
1126,EDAP,Health Care,Small cap,403094692,73964,32.01219394740995,141.1764629730559
1127,VMD,Health Care,Small cap,401953534,149723,-17.254903989618537,20.209888718536348
1128,QTRX,Health Care,Small cap,398932560,357673,43.37424498829496,-41.97737790312316
1129,AXGN,Health Care,Small cap,373192802,302159,99.7802147590631,-44.432070985657504
1131,RCEL,Health Care,Small cap,325560627,193202,404.3956000193669,-85.44652673274322
1132,TCMD,Health Care,Small cap,322192630,379241,313.1449588414568,-83.15480662479959
1135,INGN,Health Care,Micro cap,291713590,374747,0.7423905142212031,-71.30169045298142
1136,ARAY,Health Care,Micro cap,265475347,320508,-39.78494849697342,-26.666667224370965
1137,QIPT,Health Care,Micro cap,225953721,102205,23.471067019657514,57.63052779236199
1138,CLPT,Health Care,Micro cap,193182879,85282,43.235286734096114,77.1966505283565
1139,TELA,Health Care,Micro cap,191783041,36218,-8.945451216264205,-10.57542529537393
1141,XAIR,Health Care,Micro cap,189274321,333280,55.93219763655262,20.185178824086037
1142,PROF,Health Care,Micro cap,186082820,27310,11.867347797717896,-4.297384473320166
1143,SMLR,Health Care,Micro cap,175992505,37265,3211.0342581178647,-33.198382630185804
1146,ASXC,Health Care,Micro cap,159838870,1305696,-91.78321690466656,-78.12500069849192
1148,SIEN,Health Care,Micro cap,149473945,71681,-1.162790697674419,-97.74444447623358
1149,CTSO,Health Care,Micro cap,144961190,57302,-30.363637750799004,-60.15424394559325
1150,FONR,Health Care,Micro cap,101602820,7898,-0.8762890702923858,-13.659792116691984
1152,APYX,Health Care,Micro cap,99295749,295158,4.522608730552862,-72.17598149078009
1153,NAOV,Health Care,Micro cap,99112187,16463,-51.69491525423729,-91.15789480376662
1156,ELMD,Health Care,Micro cap,85397065,18378,123.96905474409944,19.885711669921875
1157,SRTS,Health Care,Micro cap,82396041,265049,-33.52380934215727,101.08400978950549
1160,XTNT,Health Care,Micro cap,73113478,95676,-75.30864168005625,-57.419351836769096
1162,BSGM,Health Care,Micro cap,64946993,352549,79.2248180071459,-92.94117646469552
1164,SDC,Health Care,Micro cap,54134448,1558892,-60.07770662403,-96.00907017832196
1166,DCTH,Health Care,Micro cap,46917487,17876,-98.27516233766234,-82.2222226931725
1167,NVNO,Health Care,Micro cap,46412800,22032,-89.34000015258789,-64.14762904838926
1169,MDGS,Health Care,Micro cap,42360709,6781,-92.95833322736952,-84.11564579289814
1172,RWLK,Health Care,Micro cap,38364685,245122,-96.99310335619695,-64.81481665446427
1173,PAVM,Health Care,Micro cap,35234287,359691,-81.9018412423334,-60.97561123350793
1174,SSKN,Health Care,Micro cap,33681355,11489,-2.272725056025656,-61.65048333002711
1175,IRIX,Health Care,Micro cap,33454966,16508,-83.88458862979954,-8.636366050105398
1176,PETV,Health Care,Micro cap,31832956,56408,13.142819920376736,2.083337601895229
1177,VAPO,Health Care,Micro cap,28177678,122619,-25.16128786148564,-77.95918328421456
1180,NMTC,Health Care,Micro cap,24873198,273662,-43.48894288443756,-83.26359783940231
1181,BTCY,Health Care,Micro cap,24610175,47280,-85.54216843243867,-25.333333995607138
1184,NMRD,Health Care,Micro cap,21096563,33937,-94.25268924211294,-51.63380195233253
1186,VERO,Health Care,Micro cap,14405689,342435,-96.49122807017544,-93.22033900588131
1189,STRR,Health Care,Micro cap,12711904,36104,-94.86274532243316,-67.1814651733501
1190,MYO,Health Care,Micro cap,12553027,975590,-95.9466667175293,-94.35982390815086
1191,SRGA,Health Care,Micro cap,11553439,53041,-18.153843512901894,-27.636363289572976
1193,CFMS,Health Care,Micro cap,9219709,65725,-81.93939393939394,-91.3766235500187
1195,NSPR,Health Care,Micro cap,9085811,11727,-99.2063492063492,-94.5396824488564
1196,AEMD,Health Care,Micro cap,8523925,115867,-98.47154471932387,-71.13402134706493
1198,AVGR,Health Care,Micro cap,8243209,65281,-99.925657893482,-95.3632476246377
1202,HSDT,Health Care,Micro cap,6894857,250581,-86.24999939449249,-99.09104367924176
1203,DYNT,Health Care,Micro cap,6387597,5878,-65.95744680851064,-54.11764593685375
1204,NUWE,Health Care,Micro cap,5793274,111554,-99.97470238095238,-99.59393938382466
1206,THMO,Health Care,Micro cap,4065581,5894172,-88.0813953488372,-98.3838383597557
1207,RMED,Health Care,Micro cap,4010796,117345,-94.27906976744184,-99.57163637334652
1208,BIOL,Health Care,Micro cap,2818134,271664,-92.8169014084507,-95.51724154373696
1210,RSLS,Health Care,Micro cap,1630282,145427,-97.84424379232506,-92.97916690508524
1211,SINT,Health Care,Micro cap,1208986,1932447,-92.3076923076923,-93.4594592532596
1212,VIVE,Health Care,Micro cap,660590,38311,-99.8331383933798,-96.45833323399226
1213,MCK,Health Care,Large cap,45988300603,1125274,-2.3005668575174645,169.6571011942572
1214,ABC,Health Care,Large cap,30526828315,1277669,6.534195788858091,93.49603911124858
1215,CAH,Health Care,Large cap,17779671462,2641095,-29.47631342643124,50.96230461662291
1216,HSIC,Health Care,Large cap,10257181027,896062,9.84310531571607,18.871855699415264
1217,PBH,Health Care,Mid cap,3029953995,365667,-21.750714502608112,53.99753044109535
1218,PDCO,Health Care,Mid cap,2580468280,936804,-51.76216427508038,36.73171066656345
1219,OMI,Health Care,Small cap,923740422,1790398,-85.76662836558606,276.30058711608064
1220,GEG,Health Care,Micro cap,64865589,14691,-6.400000254313151,-40.05934571147927
1221,ISRG,Health Care,Large cap,85627330501,1563053,178.9508406154133,33.632704782389354
1222,BDX,Health Care,Large cap,67108670136,1023860,67.0392000222508,-4.201728251853648
1223,ALC,Health Care,Large cap,33429930000,1326706,-3.071617895702426,21.32743902965985
1224,RMD,Health Care,Large cap,30937653284,684711,148.9371982872316,33.93179733420893
1225,WST,Health Care,Large cap,24646478925,583105,77.44440681164282,56.63893917039309
1226,HOLX,Health Care,Large cap,19361652072,1609957,29.650001525878903,43.58925095890949
1227,BAX,Health Care,Large cap,19238102968,6258672,87.99008178734807,-40.03529268152573
1228,STE,Health Care,Large cap,18012183649,624352,124.73007109859896,21.044698010887164
1229,COO,Health Care,Large cap,17060225853,386530,81.83630778979975,2.304935393507466
1230,TFX,Health Care,Large cap,11329502368,440841,130.21943825109238,-33.744721670559024
1231,MASI,Health Care,Mid cap,9174830898,383746,132.3469105479785,-6.41999289274394
1232,RGEN,Health Care,Mid cap,9036698499,622210,198.34416125270693,81.9363872774555
1233,XRAY,Health Care,Mid cap,7916703775,2668212,-2.792138778185744,-43.97325509993392
1234,NVST,Health Care,Mid cap,6165253831,1885422,14.152051158288597,12.87294084834238
1235,NVCR,Health Care,Mid cap,5991435654,799907,972.452882789585,-12.176722434997364
1237,MMSI,Health Care,Mid cap,4064994829,381921,15.69811263174381,124.83286561493078
1238,HAE,Health Care,Mid cap,3838047474,356520,184.14907514678765,-32.250836414051705
1239,ICUI,Health Care,Mid cap,3686131507,209442,25.20945780986064,-15.876069286967043
1240,IRTC,Health Care,Mid cap,3602686945,424154,118.89842814844005,36.38613534177033
1241,STAA,Health Care,Mid cap,3062045022,683485,228.6511798237645,37.50708771847923
1242,GKOS,Health Care,Mid cap,2308220653,507915,55.60023199319358,-20.581817626953125
1243,ATRC,Health Care,Small cap,1768654311,382827,63.36533772309424,35.55283687509431
1244,ATRI,Health Care,Small cap,1131309246,8064,46.39221834730731,-25.73639712801859
1245,LMAT,Health Care,Small cap,1105528119,119653,41.15580111023924,27.23252083898454
1247,BLFS,Health Care,Small cap,920324191,330507,891.3579888068365,11.246944278374023
1248,ANGO,Health Care,Small cap,472349118,460490,-6.286725145242017,-14.789600323116192
1249,OSUR,Health Care,Small cap,421157640,687958,-11.950394097583786,-40.49382784366241
1250,UTMD,Health Care,Small cap,327643297,19824,47.42975675251122,-7.208785141764212
1254,KRMD,Health Care,Micro cap,183442231,25482,1180.1980621054438,-45.57926883563125
1256,INFU,Health Care,Micro cap,154817263,50776,217.6923281483404,0.9302316297384028
1257,ZTEK,Health Care,Micro cap,150296313,35060,-59.70149193980643,453.5714091847138
1258,STXS,Health Care,Micro cap,141085510,206318,696.9230797445987,-61.23595741397822
1259,HBIO,Health Care,Micro cap,134164337,79339,-4.193544516826276,-10.64515915671192
1260,PLSE,Health Care,Micro cap,111684600,39807,102.76923546424278,-79.67718299582616
1262,MLSS,Health Care,Micro cap,62821415,160320,4.44444012740029,-64.96350455470849
1263,PDEX,Health Care,Micro cap,60245365,4328,243.3467853965545,-9.607734618518348
1264,RVP,Health Care,Micro cap,57636735,37723,67.39129716484682,7.1895435530757945
1266,POAI,Health Care,Micro cap,23630599,403279,-90.25270758122744,-88.84852939821386
1267,ECOR,Health Care,Micro cap,20297686,21210,-91.77777749520762,-83.93749992052715
1268,EKSO,Health Care,Micro cap,19319354,26162,-90.04962813801443,-80.65040587370328
1269,MBOT,Health Care,Micro cap,16633031,24696,-88.46994514673786,-71.27862479065574
1272,NURO,Health Care,Micro cap,11297730,17334,-93.22115398135176,-65.18691737158905
1274,GCTK,Health Care,Micro cap,6403000,39826,-75.9999994131235,-81.92307779304608
