,Symbol,GICS Sector,Market Cap Type,Market Cap,Average Volume,Return from 2017-2019 (Pre-Covid),Return from 2020-2022 (Post-Covid)
0,MMM,Industrials,Large Cap,57556000000.0,3648116.0,-1.6775708601927866,-32.50787758204863
1,AOS,Industrials,Large Cap,11432000000.0,1022067.0,-0.27253892250718537,19.474017659715468
2,ABT,Health Care,Large Cap,198745000000.0,4775809.0,124.69583394187777,27.573790413806456
3,ABBV,Health Care,Large Cap,253599000000.0,5969209.0,40.68658490005517,81.42119138799993
4,ACN,Information Technology,Large Cap,198734000000.0,2552522.0,79.45135825389947,26.548418650052344
5,ATVI,Communication Services,Large Cap,72256000000.0,11753903.0,61.58068959135106,27.775001246414607
6,ADM,Consumer Staples,Large Cap,45405000000.0,2876364.0,0.9411256688557135,99.37727954170553
7,ADBE,Information Technology,Large Cap,241768000000.0,4036804.0,217.45141193957826,1.9787875088778408
8,ADP,Industrials,Large Cap,98195000000.0,1761096.0,65.64758828632303,38.9043913029165
9,AAP,Consumer Discretionary,Mid Cap,4204000000.0,2581088.0,-6.827499558175943,-8.375398728215552
10,AES,Utilities,Large Cap,15053000000.0,6014688.0,71.72237176104174,44.0160301340082
11,AFL,Financials,Large Cap,44100000000.0,2293659.0,50.4922369355456,35.63348642466929
12,A,Health Care,Large Cap,37696000000.0,2101177.0,84.84650764592234,74.21419236110216
13,APD,Materials,Large Cap,67245999999.99999,818908.0,63.92449556500249,31.035073226620618
14,AKAM,Information Technology,Large Cap,14264000000.0,1412496.0,27.66463734061999,-2.924911784023815
15,ALK,Industrials,Mid Cap,7094000000.0,1450803.0,-23.88663776557235,-36.99193299298286
16,ALB,Materials,Large Cap,25343000000.0,2082659.0,-17.46414337833786,195.04761987802934
17,ARE,Real Estate,Large Cap,21321000000.0,992511.0,42.753688285376604,-10.041372965039251
18,ALGN,Health Care,Large Cap,25815000000.0,749925.0,185.65655610435786,-25.000005426311663
19,ALLE,Industrials,Large Cap,11010000000.0,775533.0,92.01733279480635,-15.650291398360588
20,LNT,Utilities,Large Cap,14012000000.0,1358480.0,43.33158417626516,0.9692735485349065
21,ALL,Financials,Large Cap,29129000000.0,1991790.0,51.04053600414379,20.031870973074998
22,GOOGL,Communication Services,Large Cap,1526000000000.0,34547588.0,67.33406480687897,30.865242946087672
23,GOOG,Communication Services,Large Cap,1525000000000.0,26413590.0,71.5617468542865,32.2798317830951
24,MO,Consumer Staples,Large Cap,81398000000.0,7357470.0,-26.350751457091636,-8.926080224780605
25,AMZN,Consumer Discretionary,Large Cap,1334000000000.0,63607420.0,143.67874684335712,-10.4
26,AMCR,Materials,Large Cap,14848000000.0,7682867.0,2.069616788902353,9.46690921081961
27,AMD,Information Technology,Large Cap,178669000000.0,70480925.0,298.5989505574151,38.2202215096823
28,AEE,Utilities,Large Cap,23186000000.0,1302927.0,45.57900235112725,15.570568426563858
29,AAL,Industrials,Large Cap,11382000000.0,24265756.0,-40.143824095332576,-56.10765884074534
30,AEP,Utilities,Large Cap,45266000000.0,2964780.0,49.23028294568739,0.47618724681712965
31,AXP,Financials,Large Cap,126514000000.0,2948838.0,65.97677135104772,18.522377394176885
32,AIG,Financials,Large Cap,43587000000.0,3883332.0,-22.668684821888625,22.463211514180717
33,AMT,Real Estate,Large Cap,86167000000.0,2195854.0,114.41956235884317,-7.758617482448539
34,AWK,Utilities,Large Cap,28967000000.0,916312.0,70.02901531265915,23.918697698329524
35,AMP,Financials,Large Cap,37255000000.0,575817.0,46.808701637197075,85.84816019743711
36,ABC,Health Care,Large Cap,39004000000.0,1332472.0,6.534195788858091,93.49603911124858
37,AME,Industrials,Large Cap,36530000000.0,971461.0,103.77242748691576,39.510732992449604
38,AMGN,Health Care,Large Cap,125471000000.0,2570780.0,62.4983114301704,8.082310554912551
39,APH,Information Technology,Large Cap,49781000000.0,2818874.0,60.248629966459795,40.479701693493304
40,ADI,Information Technology,Large Cap,96321000000.0,3654525.0,63.71901254615074,36.5664790157033
41,ANSS,Information Technology,Large Cap,29617000000.0,473037.0,175.77317463341097,-5.999771542671175
42,AON,Financials,Large Cap,69627000000.0,833420.0,85.24400586447189,43.47037238375038
43,APA,Energy,Large Cap,11924000000.0,5392751.0,-60.593416225037785,81.63423704053123
44,AAPL,Information Technology,Large Cap,3019000000000.0,57417554.0,151.74437075219635,75.43882927215203
45,AMAT,Information Technology,Large Cap,114541000000.0,6062854.0,88.2880072804604,57.06451169906124
46,APTV,Consumer Discretionary,Large Cap,29550000000.0,2109603.0,67.50183858661845,-2.928919237524978
47,ACGL,Financials,Large Cap,30727000000.0,2042637.0,47.633308252016754,45.9660572640983
48,ANET,Information Technology,Large Cap,52914000000.0,3371417.0,108.25302745150614,135.99767171405585
49,AJG,Financials,Large Cap,46836000000.0,878785.0,82.50000293438251,97.19693764516079
50,AIZ,Financials,Mid Cap,6986000000.0,400635.0,39.68389994053896,-4.91180543188277
51,T,Communication Services,Large Cap,105519000000.0,45822429.0,-8.550012410732053,-37.755772644761
52,ATO,Utilities,Large Cap,17812000000.0,881691.0,48.60103129221876,0.026775061631329873
53,ADSK,Information Technology,Large Cap,45598000000.0,1515325.0,145.67752520072537,1.4439977777385697
54,AZO,Consumer Discretionary,Large Cap,44626000000.0,187879.0,48.72796885072809,106.39907285161979
55,AVB,Real Estate,Large Cap,28026000000.0,708648.0,16.444190445088513,-23.253825373075784
56,AVY,Materials,Large Cap,14467000000.0,596217.0,85.10456723188086,37.61119264032854
57,AXON,Industrials,Large Cap,13296000000.0,1144503.0,201.27050526838624,124.16914374627201
58,BKR,Energy,Large Cap,36020000000.0,7441324.0,-60.74437310251095,14.9922131453159
59,BALL,Materials,Large Cap,18115000000.0,1880143.0,70.22851200805847,-20.92160068406189
60,BAC,Financials,Large Cap,254355000000.0,47119282.0,55.53097757776686,-6.308344097578558
61,BBWI,Consumer Discretionary,Mid Cap,8163000000.0,3947983.0,-72.35312217800892,185.62837251397033
62,BAX,Health Care,Large Cap,24564000000.0,5088819.0,87.99008178734807,-40.03529268152573
63,BDX,Health Care,Large Cap,75219000000.0,1115338.0,67.0392000222508,-4.201728251853648
64,WRB,Financials,Large Cap,16056000000.0,1595819.0,54.10928559570867,56.648434181816626
65,BRK-B,Financials,Large Cap,755579000000.0,3228479.0,37.37373709237705,35.77425227672929
66,BBY,Consumer Discretionary,Large Cap,18059000000.0,2339224.0,103.41463704240357,-9.254440956737646
67,BIO,Health Care,Large Cap,11979000000.0,229545.0,102.0332318999752,13.010644326258905
68,TECH,Health Care,Large Cap,14078000000.0,972906.0,110.59461767875344,50.30830281252638
69,BIIB,Health Care,Large Cap,40056000000.0,1136087.0,3.565181645890612,-7.403191437036499
70,BLK,Financials,Large Cap,113936000000.0,632050.0,30.216838098937828,38.947059780943626
71,BK,Financials,Large Cap,36486000000.0,4941430.0,4.47637222677935,-9.789930075977946
72,BA,Industrials,Large Cap,127418000000.0,5132350.0,108.82916668171718,-42.02099754354619
73,BKNG,Consumer Discretionary,Large Cap,107966000000.0,334764.0,39.06535060737606,-2.5681626162660174
74,BWA,Consumer Discretionary,Large Cap,10874000000.0,2977427.0,8.771930586729335,-8.522725985661053
75,BXP,Real Estate,Mid Cap,9942000000.0,1706016.0,7.024276769825403,-51.135213058698675
76,BSX,Health Care,Large Cap,76428000000.0,8121851.0,107.13629420238884,1.6923086983816964
77,BMY,Health Care,Large Cap,135883000000.00002,8443456.0,8.421233184310497,12.685980685503207
78,AVGO,Information Technology,Large Cap,370075000000.0,3066696.0,75.81468576983713,75.1002104653921
79,BR,Industrials,Large Cap,20037000000.0,569158.0,84.59111111264035,7.570777333044205
80,BRO,Financials,Large Cap,20195000000.0,1178382.0,74.77797429077039,43.791021596559645
81,BF-B,Consumer Staples,Large Cap,33127000000.000004,1292401.0,87.05714380442157,-2.8402340418400067
82,BG,Consumer Staples,Large Cap,15791000000.0,1286090.0,-21.56189809616974,72.25483390391335
83,CHRW,Industrials,Large Cap,11481000000.0,1148030.0,5.496599885071216,16.63693956508758
84,CDNS,Information Technology,Large Cap,66224000000.0,2032112.0,175.2260991893281,128.89711982204312
85,CZR,Consumer Discretionary,Large Cap,12424000000.0,2913148.0,245.0877017843748,-30.96581541182051
86,CPT,Real Estate,Large Cap,12053000000.0,720127.0,25.08610821324823,4.9038871567854505
87,CPB,Consumer Staples,Large Cap,13811000000.0,2617254.0,-18.729370890938306,14.762384478124352
88,COF,Financials,Large Cap,44125000000.0,3160698.0,15.911909488760795,-10.105409735582208
89,CAH,Health Care,Large Cap,23726000000.0,2274762.0,-29.476313426431236,50.96230461662291
90,KMX,Consumer Discretionary,Large Cap,13176000000.0,1787488.0,34.44564346664301,-30.783223207096647
91,CCL,Consumer Discretionary,Large Cap,23353000000.0,43572048.0,-2.3166745071368,-84.30379618476775
93,CTLT,Health Care,Mid Cap,8579000000.000001,4824048.0,109.08083820825543,-20.392646634761025
94,CAT,Industrials,Large Cap,133037000000.0,3090450.0,56.93617475793717,60.7785218514052
95,CBOE,Financials,Large Cap,15149000000.0,619291.0,61.848533531592665,4.820387986271934
96,CBRE,Real Estate,Large Cap,27266000000.0,1839374.0,90.75000286102295,24.329559268746586
97,CDW,Information Technology,Large Cap,25410000000.0,856700.0,172.94971330702157,23.593324826542034
98,CE,Materials,Large Cap,13474000000.0,1438116.0,54.49508911751669,-17.481842934106233
99,CNC,Health Care,Large Cap,38760000000.0,3226017.0,120.30404130617956,30.21594590713205
100,CNP,Utilities,Large Cap,19505000000.0,3816929.0,8.859225707480148,9.732893724250706
101,CDAY,Information Technology,Large Cap,10834000000.0,1440567.0,135.3287302212399,-6.254564898742449
102,CF,Materials,Large Cap,15413000000.0,2661574.0,47.90755756803403,76.80016471513377
103,CRL,Health Care,Large Cap,10563000000.0,525937.0,97.96610479704914,41.245859766519864
104,SCHW,Financials,Large Cap,120996000000.0,14109080.0,19.400750576228845,74.32999384904006
105,CHTR,Communication Services,Large Cap,59397000000.0,1162811.0,66.44156657467092,-30.428180883502694
106,CVX,Energy,Large Cap,296663000000.0,7564558.0,1.24176487143877,48.572145617427125
107,CMG,Consumer Discretionary,Large Cap,57907000000.0,293172.0,120.53494754270336,65.1832849539764
108,CB,Financials,Large Cap,82756000000.0,1821141.0,17.00315739898927,41.546357051146366
109,CHD,Consumer Staples,Large Cap,23970000000.0,1573582.0,58.983047399143715,14.53538470610949
110,CI,Health Care,Large Cap,86918000000.0,1641303.0,51.57194807704623,61.322361031464126
111,CINF,Financials,Large Cap,16123999999.999998,619433.0,36.952530180677385,-3.0581360281569583
112,CTAS,Industrials,Large Cap,51621000000.0,397519.0,130.60924552521303,67.3534498005829
113,CSCO,Information Technology,Large Cap,214470000000.0,19228729.0,56.70068764406778,-0.8739117179384666
114,C,Financials,Large Cap,90604000000.0,15516180.0,31.031644258987516,-43.55422302188207
115,CFG,Financials,Large Cap,15028000000.0,8375977.0,10.949511056079716,-3.3153296865128348
116,CLX,Consumer Staples,Large Cap,19258000000.0,1192440.0,26.797715244064374,-8.508281807481005
117,CME,Financials,Large Cap,68080000000.0,1459372.0,71.47037396379874,-16.38406685308626
118,CMS,Utilities,Large Cap,18342000000.0,2173246.0,50.31220237757149,0.7476952213483226
119,KO,Consumer Staples,Large Cap,270027000000.0,13916453.0,33.180723994611256,14.985540421655068
120,CTSH,Information Technology,Large Cap,33905000000.0,3662551.0,8.826125093246283,-8.187513587830203
121,CL,Consumer Staples,Large Cap,64034000000.00001,5320119.0,4.926789928640255,14.453813345367768
122,CMCSA,Communication Services,Large Cap,178801000000.0,19213198.0,29.69714796207445,-22.905642085192888
123,CMA,Financials,Mid Cap,6682000000.0,4048419.0,3.5833471779596944,-7.152779897054036
124,CAG,Consumer Staples,Large Cap,15881000000.0,4263272.0,-14.278514982797837,12.992702957487454
125,COP,Energy,Large Cap,136604000000.00002,5790314.0,27.134988190351745,80.759807301686
126,ED,Utilities,Large Cap,33659000000.0,1877830.0,22.341292658684573,5.256757975055125
127,STZ,Consumer Staples,Large Cap,49406000000.0,1148259.0,21.5211933375563,21.99294547077344
129,COO,Health Care,Large Cap,19190000000.0,294148.0,81.83630778979975,2.304935393507466
130,CPRT,Industrials,Large Cap,43514000000.0,2240056.0,226.9521324829629,33.238508475096914
131,GLW,Information Technology,Large Cap,28241000000.0,4752261.0,18.893445419771872,8.935882900762445
132,CTVA,Materials,Large Cap,40058000000.0,3301920.0,-2.9915945870535716,97.18215307736727
133,CSGP,Industrials,Large Cap,37046000000.0,2969312.0,215.2590606109298,27.727086991601475
134,COST,Consumer Staples,Large Cap,247215000000.0,1830393.0,83.71616922600846,55.24042841258571
135,CTRA,Energy,Large Cap,20232000000.0,7164177.0,-25.4569212271639,40.239720621334044
136,CCI,Real Estate,Large Cap,46765000000.0,2854416.0,62.063030253850286,-4.700345925202238
137,CSX,Industrials,Large Cap,65992999999.99999,12006996.0,100.11064204757118,27.62977403261315
138,CMI,Industrials,Large Cap,36629000000.0,1005140.0,29.591322721236438,34.590594120543415
139,CVS,Health Care,Large Cap,96216000000.0,8883309.0,-7.388797119275678,24.835901589499745
140,DHI,Consumer Discretionary,Large Cap,43514000000.0,2921730.0,89.64273176936706,68.3474940609235
141,DHR,Health Care,Large Cap,188814000000.0,3412788.0,94.8495558144077,72.39542858751251
142,DRI,Consumer Discretionary,Large Cap,20627000000.0,1279614.0,48.852463971433544,25.983604723442795
143,DVA,Health Care,Mid Cap,9322000000.0,658956.0,14.426945127398755,-0.7839542260670838
144,DE,Industrials,Large Cap,128104000000.00002,1736909.0,67.97839809942128,146.0743780121417
145,DAL,Industrials,Large Cap,31238000000.0,11306582.0,18.817097663592527,-44.23892679419265
146,XRAY,Health Care,Mid Cap,8661000000.0,1719733.0,-2.792138778185744,-43.97325509993392
147,DVN,Energy,Large Cap,33535000000.0,8334516.0,-45.47201868207667,134.68142109922084
148,DXCM,Health Care,Large Cap,50625000000.0,2668551.0,263.3445419183298,107.24743617991855
149,FANG,Energy,Large Cap,25578000000.0,1899416.0,-11.151219809927591,46.52383611684326
150,DLR,Real Estate,Large Cap,35509000000.0,2970353.0,19.63797986531098,-16.44863356535567
151,DFS,Financials,Large Cap,26692000000.0,2187250.0,15.953356666651667,14.945366149082187
152,DIS,Communication Services,Large Cap,159304000000.0,14285683.0,36.53371330083825,-40.202353040021634
153,DG,Consumer Staples,Large Cap,36650000000.0,3069630.0,111.66264979127438,56.89710403830496
154,DLTR,Consumer Staples,Large Cap,33404000000.000004,2263680.0,20.523395941185697,49.371632479288074
155,D,Utilities,Large Cap,44957000000.0,3901154.0,7.196032595260569,-26.013511429869908
156,DPZ,Consumer Discretionary,Large Cap,13621000000.0,688574.0,84.17912181366644,17.907343279687534
157,DOV,Industrials,Large Cap,21274000000.0,798896.0,86.95729532631424,16.58200764804917
158,DOW,Materials,Large Cap,37523000000.0,4531017.0,3.0142182987448165,-8.763353598955893
159,DTE,Utilities,Large Cap,23727000000.0,1252869.0,30.666393693409876,6.229037202352322
160,DUK,Utilities,Large Cap,73042000000.0,2836867.0,16.92208516605011,12.828658239562323
161,DD,Materials,Large Cap,34486000000.0,3487056.0,-23.487028553965544,5.910484600750742
162,DXC,Information Technology,Mid Cap,5881000000.0,1823583.0,-28.9183346011449,-30.318167629218234
163,EMN,Materials,Large Cap,10394000000.0,908716.0,3.3096021326895024,1.293533452474614
164,ETN,Industrials,Large Cap,82785000000.0,2060877.0,40.449778737387625,64.79420460796534
165,EBAY,Consumer Discretionary,Large Cap,25849000000.0,5069190.0,20.013407068801577,13.897284796749764
166,ECL,Materials,Large Cap,53861000000.0,1029358.0,62.22484817266252,-24.83734648040113
167,EIX,Utilities,Large Cap,27728000000.0,1461856.0,4.110920931470794,-14.844064099169263
168,EW,Health Care,Large Cap,56118000000.0,2621169.0,147.78252418845466,-2.682604671398815
169,EA,Communication Services,Large Cap,37296000000.0,2189875.0,34.4693219557616,13.192512082348264
170,ELV,Health Care,Large Cap,112822000000.0,1376287.0,111.2287337347519,69.48159644021092
171,LLY,Health Care,Large Cap,438602000000.0,2998896.0,77.57641157208033,177.6352618016487
172,EMR,Industrials,Large Cap,52138000000.0,2849259.0,35.893337673611114,25.45383040544398
173,ENPH,Information Technology,Large Cap,24323000000.0,4034120.0,2387.255030748985,904.7780926152627
174,ETR,Utilities,Large Cap,21988000000.0,1601451.0,62.285712624893705,-6.117000516606078
175,EOG,Energy,Large Cap,72879000000.0,3358412.0,-19.721327492382315,53.60531871587662
176,EPAM,Information Technology,Large Cap,13750000000.0,695804.0,225.46381186394436,53.063701526335024
177,EQT,Energy,Large Cap,14430000000.0,6422817.0,-69.65427711032785,208.38651784479347
178,EFX,Industrials,Large Cap,26055000000.0,755319.0,17.143100142384487,38.16734423848098
179,EQIX,Real Estate,Large Cap,75485000000.0,461812.0,62.40028446287261,12.179969417090241
180,EQR,Real Estate,Large Cap,26167000000.0,1763233.0,24.43347896259527,-27.447122206820204
181,ESS,Real Estate,Large Cap,16288000000.0,396504.0,28.19075600641861,-29.88121944695563
182,EL,Consumer Staples,Large Cap,64212999999.99999,2437887.0,167.1498682235924,20.126856141913983
183,ETSY,Consumer Discretionary,Large Cap,11933000000.0,3461666.0,271.51211552764204,167.90427473056087
184,EG,Financials,Large Cap,15932000000.0,397508.0,27.381669949467565,19.20474857479393
185,EVRG,Utilities,Large Cap,14139000000.0,1139079.0,13.701542659746774,-3.4075228990152753
186,ES,Utilities,Large Cap,25922000000.0,1977183.0,52.77828717123869,-1.399508948006703
187,EXC,Utilities,Large Cap,42319000000.0,6384361.0,27.221760045484487,32.39069940232807
188,EXPE,Consumer Discretionary,Large Cap,17606000000.0,2586206.0,-5.498074554651492,-19.537065983153663
189,EXPD,Industrials,Large Cap,19061000000.0,1216362.0,45.857482856335665,32.180099896350086
190,EXR,Real Estate,Large Cap,31905000000.0,1484629.0,35.04207080236145,39.00641905336851
191,XOM,Energy,Large Cap,420025000000.0,15898816.0,-23.59797504766903,57.03303873340751
192,FFIV,Information Technology,Mid Cap,8999000000.0,548588.0,-4.366632939835006,2.2005386541687018
193,FDS,Financials,Large Cap,16552000000.0,307850.0,62.177393917857316,49.337447326054296
194,FICO,Information Technology,Large Cap,21107000000.0,197004.0,212.4854067612787,58.77454034213362
195,FAST,Industrials,Large Cap,33217000000.0,3268201.0,55.90717119604276,27.6159583551948
196,FRT,Real Estate,Mid Cap,8481999999.999999,533169.0,-10.117542429566093,-21.988883892423654
197,FDX,Industrials,Large Cap,65226000000.0,2016459.0,-19.526186688336647,13.633380808904038
198,FITB,Financials,Large Cap,19220000000.0,6715204.0,11.781922145420364,6.0096948772252965
199,FSLR,Information Technology,Large Cap,21142000000.0,2417551.0,72.52375733987046,165.5850872936631
200,FE,Utilities,Large Cap,22965000000.0,3779683.0,56.57088393139728,-13.632624710392136
201,FIS,Financials,Large Cap,36470000000.0,5325922.0,81.69901457986519,-51.490669305254336
202,FI,Financials,Large Cap,79343000000.0,3621346.0,116.19547191647862,-12.870689918254984
203,FLT,Financials,Large Cap,18639000000.0,504743.0,99.2760333647538,-36.63585291091874
204,FMC,Materials,Large Cap,11909000000.0,1211572.0,99.89630878647003,24.339941851807623
205,F,Consumer Discretionary,Large Cap,55731000000.0,59868791.0,-24.180326683487294,25.18837634226581
206,FTNT,Information Technology,Large Cap,61371000000.0,5443632.0,249.96726815607025,127.18400720112724
207,FTV,Industrials,Large Cap,26124000000.0,2051277.0,41.547603912023874,-0.2873315862392005
208,FOXA,Communication Services,Large Cap,16433000000.0,4242933.0,-2.4210478130139803,-18.818495153417416
209,FOX,Communication Services,Large Cap,16399999999.999998,1237787.0,-5.595854748181545,-22.054792430302868
210,BEN,Financials,Large Cap,14685000000.0,2977970.0,-35.834993494443616,3.006632300132807
211,FCX,Materials,Large Cap,58206000000.0,12457969.0,-3.558187919795211,184.64418662298576
212,GRMN,Consumer Discretionary,Large Cap,20271000000.0,770172.0,101.8339159530911,-5.459948454305188
213,IT,Information Technology,Large Cap,28134000000.0,506580.0,50.72020851671053,117.59452611670031
215,GEN,Information Technology,Large Cap,12341000000.0,4235982.0,6.432744251562867,-16.32175011931169
216,GNRC,Industrials,Mid Cap,9037000000.0,1236516.0,144.9612542074412,-0.7101929481304258
217,GD,Industrials,Large Cap,59111000000.0,1185750.0,0.9289495514979976,39.819670260529314
218,GE,Industrials,Large Cap,120291000000.0,5178262.0,-63.61477966113662,-6.734190313468663
219,GIS,Consumer Staples,Large Cap,45059000000.0,3492156.0,-15.058783139222442,56.34905240375358
220,GM,Consumer Discretionary,Large Cap,53589000000.0,13999603.0,4.173811045108196,-9.0810827306799
221,GPC,Consumer Discretionary,Large Cap,21964000000.0,917695.0,9.956439179038519,62.767351773422725
222,GILD,Health Care,Large Cap,100586000000.0,5747625.0,-10.243290583128765,31.00869841805031
223,GL,Financials,Large Cap,10959000000.0,496051.0,40.9486886140662,14.449825269266992
224,GPN,Financials,Large Cap,28943000000.0,2422014.0,159.145466424942,-46.00706640795989
225,GS,Financials,Large Cap,117008000000.0,2316801.0,-5.315201507495448,48.649352763122295
226,HAL,Energy,Large Cap,33327000000.0,9885366.0,-55.31295510359443,59.37625606707193
227,HIG,Financials,Large Cap,23007000000.0,1586588.0,25.52223483356006,24.39304949131737
228,HAS,Consumer Discretionary,Mid Cap,8865000000.0,1592669.0,34.65625333926416,-42.53555677334597
229,HCA,Health Care,Large Cap,78439000000.0,1256924.0,98.42657590190709,61.960043724833454
230,PEAK,Real Estate,Large Cap,11897000000.0,4618974.0,13.989298292929309,-27.543350287789153
231,HSIC,Health Care,Large Cap,10470000000.0,866091.0,9.84310531571607,18.871855699415264
232,HSY,Consumer Staples,Large Cap,50413000000.0,1166469.0,41.390612964269685,57.284530356679255
233,HES,Energy,Large Cap,44361000000.0,1661109.0,4.37046451732735,110.07258604145187
234,HPE,Information Technology,Large Cap,22292000000.0,12814574.0,17.078012743165615,-0.2499997615814209
235,HLT,Consumer Discretionary,Large Cap,40181000000.0,1754462.0,96.85847486655824,13.6842095147712
236,HOLX,Health Care,Large Cap,19941000000.0,1536648.0,29.650001525878906,43.58925095890949
237,HD,Consumer Discretionary,Large Cap,322194000000.0,4342629.0,60.85121224353433,44.17563570916002
238,HON,Industrials,Large Cap,138860000000.0,2478796.0,57.82230717228562,20.73239608549736
239,HRL,Consumer Staples,Large Cap,21927000000.0,2163382.0,28.976786435115596,0.9082850087634938
240,HST,Real Estate,Large Cap,12497000000.0,6648870.0,-2.1533704571746157,-13.941021097321725
241,HWM,Industrials,Large Cap,20627000000.0,2644811.0,64.72786134613422,27.499191336009176
242,HPQ,Information Technology,Large Cap,31787000000.0,7467703.0,37.056856404905496,29.932303881583536
243,HUM,Health Care,Large Cap,57086000000.0,1338974.0,81.28357956593344,39.50048952302695
244,HBAN,Financials,Large Cap,17056000000.0,14993235.0,11.738483798129112,-6.746028517259077
245,HII,Industrials,Mid Cap,9237000000.0,327069.0,36.11351219383446,-8.460320366753471
246,IBM,Information Technology,Large Cap,126164000000.0,4401606.0,-20.47305772944332,9.163660834550386
247,IEX,Industrials,Large Cap,16071000000.000002,500591.0,89.70718711838327,32.112480131923235
248,IDXX,Health Care,Large Cap,46035000000.0,446382.0,121.15141100584495,55.98975007045076
249,ITW,Industrials,Large Cap,77668000000.0,1102300.0,45.40531704594637,22.28698890677951
250,ILMN,Health Care,Large Cap,30116000000.0,1562877.0,154.03733010761007,-38.55037093164637
251,INCY,Health Care,Large Cap,14311000000.0,1960032.0,-12.942452458854149,-7.5825609131325304
252,IR,Industrials,Large Cap,26399000000.0,2149093.0,71.71765495749081,41.67570088595514
253,PODD,Health Care,Large Cap,19813000000.0,578317.0,344.0220472302337,71.91661130855874
254,INTC,Information Technology,Large Cap,142434000000.0,44978482.0,62.851674236320754,-56.12549872384322
255,ICE,Financials,Large Cap,65068000000.0,2250754.0,62.46045687602181,10.501939233727382
256,IFF,Materials,Large Cap,21428000000.0,2092603.0,7.184468008005937,-18.979906272824802
257,IP,Materials,Large Cap,11054000000.0,3358432.0,-13.575598891244832,-21.32254573200854
258,IPG,Communication Services,Large Cap,12689000000.0,5106845.0,-2.410146740034668,43.14568422012065
259,INTU,Information Technology,Large Cap,137935000000.0,1884998.0,129.8758131504236,49.080749670166306
260,ISRG,Health Care,Large Cap,117965000000.0,1691669.0,178.9508406154133,33.632704782389354
261,IVZ,Financials,Mid Cap,8308000000.0,4507238.0,-42.12394909583177,1.0106699077672143
262,INVH,Real Estate,Large Cap,22206000000.0,2738883.0,48.05969982128808,-1.5609472307401502
263,IQV,Health Care,Large Cap,42353000000.0,1180619.0,100.03910673921902,31.991242046590667
264,IRM,Real Estate,Large Cap,18049000000.0,1388961.0,-3.4135958316208277,56.26958956188799
265,JBHT,Industrials,Large Cap,20213000000.0,714862.0,19.16589967194306,47.88803931616553
266,JKHY,Financials,Large Cap,12506000000.0,667090.0,63.506525397595965,19.860719666450603
267,J,Industrials,Large Cap,15979000000.0,678787.0,55.347555694151595,33.55950796092087
268,JNJ,Health Care,Large Cap,442278000000.0,6714890.0,25.49663550155395,21.100980194432147
269,JCI,Industrials,Large Cap,47320000000.0,3721320.0,-2.354070422993378,56.44096856198967
270,JPM,Financials,Large Cap,450300000000.0,10690114.0,58.724537091228136,-4.070382327703878
271,JNPR,Information Technology,Mid Cap,9651000000.0,4000398.0,-13.974717718425243,28.81902366965121
272,K,Consumer Staples,Large Cap,23232000000.0,2445896.0,-6.6883738521363085,3.052221458387572
273,KDP,Consumer Staples,Large Cap,45735000000.0,9657658.0,-68.15925728217182,23.433716167503373
274,KEY,Financials,Large Cap,10690000000.0,22331529.0,9.23824453445701,-14.440080775650092
275,KEYS,Information Technology,Large Cap,30023000000.0,1121501.0,179.18034034188443,64.74384953516825
276,KMB,Consumer Staples,Large Cap,46272000000.0,1711938.0,19.910647335659934,-1.2008689736387195
277,KIM,Real Estate,Large Cap,12968000000.0,4128779.0,-18.16390407974972,1.9249259158462757
278,KMI,Energy,Large Cap,40015000000.0,13333517.0,0.5258155351357413,-14.91764741785386
279,KLAC,Information Technology,Large Cap,62914000000.0,1048206.0,125.8705740913997,108.55736327312928
280,KHC,Consumer Staples,Large Cap,44573000000.0,7837893.0,-63.904382885318086,26.076178167267795
281,KR,Consumer Staples,Large Cap,34445000000.0,5180133.0,-15.768117490022078,53.56527997452839
282,LHX,Industrials,Large Cap,37885000000.0,1033027.0,93.5384089250782,4.928697474713764
283,LH,Health Care,Large Cap,19422000000.0,744694.0,30.332124844527353,38.55024010996998
284,LRCX,Information Technology,Large Cap,83778000000.0,1300900.0,174.22197947887403,42.098853718160086
285,LW,Consumer Staples,Large Cap,16459000000.0,1107558.0,126.59771684647639,4.185617474400788
286,LVS,Consumer Discretionary,Large Cap,42776000000.0,4363630.0,29.242828109325156,-31.210644556124365
287,LDOS,Industrials,Large Cap,12527000000.0,1047051.0,91.24415372337671,6.856968541846345
288,LEN,Consumer Discretionary,Large Cap,35984000000.0,2269119.0,30.616544945133462,61.40538700297869
289,LNC,Financials,Mid Cap,4602000000.0,2982903.0,-12.315057603008793,-48.28283076731799
290,LIN,Materials,Large Cap,188270000000.0,1508300.0,79.27439459587686,52.72028742363015
291,LYV,Communication Services,Large Cap,23051000000.0,1909691.0,164.72118994165,-3.138891855875651
292,LKQ,Consumer Discretionary,Large Cap,15238000000.0,1143248.0,15.198454425968992,48.69154390321713
293,LMT,Industrials,Large Cap,114523000000.0,1018669.0,56.01114596240713,23.832919710319924
294,L,Financials,Large Cap,14016000000.0,760661.0,10.12068351815729,10.64112382483883
295,LOW,Consumer Discretionary,Large Cap,136991000000.00002,2861287.0,67.41040940516788,65.96418194780439
296,LYB,Materials,Large Cap,29850000000.0,1869096.0,8.124569027304764,-12.856843153803407
297,MTB,Financials,Large Cap,22870000000.0,1366130.0,7.092289151164737,-14.850905706219228
298,MRO,Energy,Large Cap,15619000000.0,11815574.0,-24.351746057277012,97.7355772429198
299,MPC,Energy,Large Cap,54103000000.0,3752622.0,11.117313447276516,91.17936489427154
300,MKTX,Financials,Large Cap,10194000000.0,374104.0,150.01670123892734,-26.658074084536885
301,MAR,Consumer Discretionary,Large Cap,59124000000.0,1821300.0,82.20755596575185,-1.7227726801000414
302,MMC,Financials,Large Cap,94704000000.0,1642509.0,64.81946108474588,48.29285882084931
303,MLM,Materials,Large Cap,28375000000.0,373888.0,24.367983075436886,19.96663345032894
304,MAS,Industrials,Large Cap,13334000000.0,1819066.0,50.79962707116893,-3.174279190407287
305,MA,Financials,Large Cap,376673000000.0,2775798.0,185.14509221183602,15.732550381276756
306,MTCH,Communication Services,Large Cap,12486000000.0,5373501.0,381.6018895039587,-49.87313838203183
307,MKC,Consumer Staples,Large Cap,23645000000.0,1512872.0,81.71928434393108,-2.1196176662853996
308,MCD,Consumer Discretionary,Large Cap,215823000000.0,2441254.0,61.58706932205824,33.09595897944287
309,MCK,Health Care,Large Cap,56136000000.0,862433.0,-2.3005668575174645,169.6571011942572
310,MDT,Health Care,Large Cap,118353000000.0,5614754.0,60.754448832990434,-32.09854810207978
311,MRK,Health Care,Large Cap,280108000000.0,7290917.0,53.896867371902026,27.66315429456117
312,META,Communication Services,Large Cap,754109000000.0,25149008.0,76.16996105543531,-41.79443949799728
313,MET,Financials,Large Cap,46868000000.0,5683609.0,4.357730109024913,41.12715380133699
314,MTD,Health Care,Large Cap,29988000000.0,127025.0,87.687528000184,79.52109267008821
315,MGM,Consumer Discretionary,Large Cap,18052000000.0,4490112.0,14.856943922569931,0.029827927794336836
316,MCHP,Information Technology,Large Cap,48838000000.0,5175417.0,62.749952545427774,32.50966860091452
317,MU,Information Technology,Large Cap,71906000000.0,17410950.0,141.0965102865465,-8.878758554902223
318,MSFT,Information Technology,Large Cap,2556000000000.0,29270746.0,150.9794458354916,51.039179473459335
319,MAA,Real Estate,Large Cap,18545000000.0,599409.0,32.82124512742191,18.6173012869955
320,MRNA,Health Care,Large Cap,48196000000.0,3233743.0,-13.409094376997514,817.8334078599529
321,MHK,Consumer Discretionary,Mid Cap,7023000000.0,666072.0,-32.87385472070695,-25.14097478126183
322,MOH,Health Care,Large Cap,18567000000.0,513867.0,150.39630661362327,142.8088244269876
323,TAP,Consumer Staples,Large Cap,15119000000.0,2336695.0,-45.060783415446686,-5.0322572207121254
324,MDLZ,Consumer Staples,Large Cap,100750000000.0,6491282.0,23.014987980845117,21.049763646046816
325,MPWR,Information Technology,Large Cap,25308000000.0,640077.0,115.21293365086734,96.31911777562566
326,MNST,Consumer Staples,Large Cap,60814000000.0,4497577.0,41.903691926255455,58.73983776204424
327,MCO,Financials,Large Cap,65653000000.00001,783791.0,150.1420885364676,16.733703564194446
328,MS,Financials,Large Cap,155963000000.0,7381630.0,18.264095855223875,66.05467846908154
329,MOS,Materials,Large Cap,12806000000.0,4388608.0,-29.07250941918242,100.13685574449116
330,MSI,Information Technology,Large Cap,49676000000.0,826696.0,93.0207553567243,58.91348237335567
331,MSCI,Financials,Large Cap,41240000000.0,571659.0,222.03561965258618,78.84963665554373
332,NDAQ,Financials,Large Cap,24887000000.0,3491427.0,58.61864196267109,71.59238463243938
333,NTAP,Information Technology,Large Cap,16890000000.0,2154054.0,73.61738477304972,-3.082136210728379
334,NFLX,Communication Services,Large Cap,190041000000.0,7228388.0,158.7307937958906,-9.573750578462976
335,NWL,Consumer Discretionary,Mid Cap,4145000000.0,7244645.0,-57.511109246148,-32.68142193378251
336,NEM,Materials,Large Cap,34340000000.000004,7885864.0,28.223919606035228,8.381174718305843
337,NWSA,Communication Services,Large Cap,11280000000.0,2264562.0,21.818177164281256,28.44037166511804
338,NWS,Communication Services,Large Cap,11278000000.0,740174.0,21.004186350997006,26.042381338438545
339,NEE,Utilities,Large Cap,153578000000.0,7564456.0,101.84874639296666,38.19894706347296
340,NKE,Consumer Discretionary,Large Cap,167624000000.0,8072658.0,93.88343873338847,15.440017197751105
341,NI,Utilities,Large Cap,11599000000.0,3990370.0,24.131711154978312,-1.8259943548490634
342,NDSN,Industrials,Large Cap,13869000000.0,237753.0,43.90416265073885,45.643915845376355
343,NSC,Industrials,Large Cap,53042000000.0,1250406.0,77.77063088806962,26.336833793104905
344,NTRS,Financials,Large Cap,16407000000.0,1530608.0,17.688735891868994,-16.934197993282293
345,NOC,Industrials,Large Cap,68856000000.0,694980.0,49.111490056888364,58.404941785000105
346,NCLH,Consumer Discretionary,Mid Cap,8920000000.0,14998556.0,35.84511639602483,-79.18013338917062
347,NRG,Utilities,Mid Cap,8795000000.0,5249256.0,218.4253288473483,-20.110473934212134
348,NUE,Materials,Large Cap,41158000000.0,1466201.0,-6.12654794874462,131.93734526076742
349,NVDA,Information Technology,Large Cap,1094000000000.0,49327874.0,122.52873939530619,144.8418837941754
350,NVR,Consumer Discretionary,Large Cap,20276000000.0,23356.0,131.6969696969697,22.122850890256817
351,NXPI,Information Technology,Large Cap,55403000000.0,2397645.0,29.821886057768765,22.875358082050546
352,ORLY,Consumer Discretionary,Large Cap,58214000000.0,452674.0,56.253574916294646,92.48119254204676
353,OXY,Energy,Large Cap,54165000000.0,10690764.0,-43.683405765255124,51.30915220348473
354,ODFL,Industrials,Large Cap,43257000000.0,927919.0,117.42441514927798,123.73068982384062
355,OMC,Communication Services,Large Cap,16558000000.0,1747524.0,-5.820043984243538,0.5175578078225596
356,ON,Information Technology,Large Cap,42652000000.0,7058990.0,90.50981110217525,151.9999956843829
357,OKE,Energy,Large Cap,29751000000.0,3250430.0,29.721360441523327,-13.461540394087582
358,ORCL,Information Technology,Large Cap,319333000000.0,10477109.0,37.06111760011993,53.44471027098816
361,PCAR,Industrials,Large Cap,45940000000.0,2639446.0,22.206743831932307,24.97791278630553
362,PKG,Materials,Large Cap,12352000000.0,653806.0,31.188347130627484,13.304991012196083
363,PANW,Information Technology,Large Cap,74574000000.0,6103206.0,83.89352093459445,79.48035658228113
364,PARA,Communication Services,Large Cap,10213000000.0,15693903.0,-36.584624338945254,-60.00947754823319
365,PH,Industrials,Large Cap,51017000000.0,808417.0,44.69760824378094,40.57292291285507
366,PAYX,Industrials,Large Cap,44495000000.0,2305095.0,38.822562994904715,35.157891881396196
367,PAYC,Information Technology,Large Cap,20266000000.0,573359.0,468.00867769301317,16.255800220318335
368,PYPL,Financials,Large Cap,81436000000.0,18276351.0,167.98212650100143,-34.941079358247144
369,PNR,Industrials,Large Cap,10943000000.0,1252283.0,19.86293154221075,-2.3871576499743865
370,PEP,Consumer Staples,Large Cap,261770000000.0,5056029.0,30.36972972721462,31.993870173977182
371,PFE,Health Care,Large Cap,211135000000.0,26424982.0,18.9908237873175,37.422287108008234
372,PCG,Utilities,Large Cap,42130000000.0,17329809.0,-82.23976328427047,49.037584384006806
373,PM,Consumer Staples,Large Cap,151371000000.0,4422596.0,-6.6347139193185924,18.360421653632635
374,PSX,Energy,Large Cap,48515000000.0,3263732.0,26.41164337739525,-7.137758627144661
375,PNW,Utilities,Mid Cap,9674000000.0,710570.0,14.437751563859619,-15.632971005506487
376,PXD,Energy,Large Cap,50452000000.0,1880724.0,-17.552876884949033,50.23680632208892
377,PNC,Financials,Large Cap,53435000000.0,3097951.0,34.71965475415724,-1.1330188160211268
378,POOL,Consumer Discretionary,Large Cap,14434000000.0,432133.0,105.01717850949977,42.447219537978775
379,PPG,Materials,Large Cap,35159000000.0,1456233.0,39.28533767565776,-6.143168830293155
380,PPL,Utilities,Large Cap,20557000000.0,4900574.0,4.757706220802301,-18.833335240681965
381,PFG,Financials,Large Cap,20311000000.0,1263243.0,-6.756524557642217,51.39815570433846
382,PG,Consumer Staples,Large Cap,360451000000.0,6229266.0,48.39056425413889,21.734937798067268
383,PGR,Financials,Large Cap,72805000000.0,3146001.0,102.35029742149318,75.47349827770955
384,PLD,Real Estate,Large Cap,115840000000.0,3158101.0,66.81058728506343,25.716522425417498
385,PRU,Financials,Large Cap,34591000000.0,2106553.0,-11.736202327795407,5.763502888322913
386,PEG,Utilities,Large Cap,32498000000.0,2319161.0,33.31061214842007,3.636673823955977
387,PTC,Information Technology,Large Cap,17224000000.0,765290.0,61.601203410481816,59.14092593115177
388,PSA,Real Estate,Large Cap,51432000000.0,867098.0,-5.991005280979529,31.040123862941225
389,PHM,Consumer Discretionary,Large Cap,17432000000.0,2926177.0,109.16442497497826,17.13403661029937
390,QRVO,Information Technology,Large Cap,10507000000.0,1242088.0,118.52199777660105,-22.701690484070955
391,PWR,Industrials,Large Cap,29252000000.0,814291.0,16.268490459405207,246.96859279002706
392,QCOM,Information Technology,Large Cap,143196000000.0,8796851.0,34.269662140386885,23.45872956063428
393,DGX,Health Care,Large Cap,16171000000.0,954275.0,14.650707228242512,46.53428185752742
394,RL,Consumer Discretionary,Mid Cap,8234000000.0,973256.0,27.730914998243325,-10.411190417143867
395,RJF,Financials,Large Cap,23198000000.0,1207470.0,27.97669977615889,78.02398810261904
396,RTX,Industrials,Large Cap,140839000000.0,4270614.0,35.77316137900103,7.093548391797738
397,O,Real Estate,Large Cap,42245000000.0,4063043.0,26.861798251908812,-11.361196086410791
398,REG,Real Estate,Large Cap,11300000000.0,905008.0,-9.512757606852736,-1.5282829715571562
399,REGN,Health Care,Large Cap,80596000000.0,637638.0,0.7712263772472706,90.8703677868717
400,RF,Financials,Large Cap,18503000000.0,9177330.0,17.582419957678084,24.913089107989634
401,RSG,Industrials,Large Cap,49008000000.0,1116975.0,57.590612919179186,43.769509293541205
402,RMD,Health Care,Large Cap,32316000000.000004,639422.0,148.9371982872316,33.93179733420893
403,RVTY,Health Care,Large Cap,16416000000.0,809430.0,84.64184618819553,42.71755849435433
404,RHI,Industrials,Mid Cap,8474000000.0,1070074.0,27.08165248554744,16.35933954815347
405,ROK,Industrials,Large Cap,38722000000.0,739898.0,49.32303295786306,26.37130706923157
406,ROL,Industrials,Large Cap,21939000000.0,1514046.0,45.05882810308872,64.8917020177442
407,ROP,Information Technology,Large Cap,53230000000.0,502344.0,92.39258331404176,22.08346432332682
408,ROST,Consumer Discretionary,Large Cap,38164000000.0,2385127.0,76.46168725189588,-0.3519948920785888
409,RCL,Consumer Discretionary,Large Cap,26182000000.0,3809412.0,61.20648469011488,-63.262728216987576
410,SPGI,Financials,Large Cap,135791000000.0,1160283.0,150.84401185796898,21.987104748080217
411,CRM,Information Technology,Large Cap,222130000000.0,6630480.0,134.43498382896502,-19.112983272952576
412,SBAC,Real Estate,Large Cap,24762000000.0,894875.0,126.59382944718676,16.238857413746867
413,SLB,Energy,Large Cap,79590000000.0,10561458.0,-52.392173891935194,31.934843239197615
414,STX,Information Technology,Large Cap,12461000000.0,2083020.0,54.16017245685355,-12.038121714798544
415,SEE,Materials,Mid Cap,6633000000.0,1417969.0,-13.707025558389176,24.606551559308777
416,SRE,Utilities,Large Cap,47535000000.0,1170617.0,49.658181507021986,2.1211864245278806
417,NOW,Information Technology,Large Cap,119532000000.0,1532832.0,275.52782728290214,36.25421134772873
418,SHW,Materials,Large Cap,69740000000.0,1390166.0,113.77807473949177,21.697294307972108
419,SPG,Real Estate,Large Cap,46152000000.0,1472624.0,-17.588922130842352,-21.370724531528328
420,SWKS,Information Technology,Large Cap,17981000000.0,1868004.0,60.90135178831301,-25.309404427625022
421,SJM,Consumer Staples,Large Cap,15532000000.0,909685.0,-19.733868232021468,52.17517611973805
422,SNA,Industrials,Large Cap,15739000000.0,294653.0,-1.7114928759451025,34.09038361349271
423,SEDG,Information Technology,Large Cap,14869000000.0,1110075.0,649.0039726803849,192.03091650894007
424,SO,Utilities,Large Cap,79665000000.0,4118454.0,28.870799971872916,12.19167627682679
425,LUV,Industrials,Large Cap,22166000000.0,7208635.0,7.301587686036497,-38.08385894150501
426,SWK,Industrials,Large Cap,15100000000.0,1598266.0,43.263575789827726,-55.06101872405636
427,SBUX,Consumer Discretionary,Large Cap,117873000000.0,7128979.0,56.39420976577513,12.573756078428996
428,STT,Financials,Large Cap,22634000000.0,2735838.0,1.1139205739467959,-2.255545491129771
429,STLD,Materials,Large Cap,16954000000.0,1560732.0,-5.230933014062053,184.01160643770055
430,STE,Health Care,Large Cap,22896000000.0,435732.0,124.73007109859896,21.044698010887164
431,SYK,Health Care,Large Cap,112208000000.0,1282069.0,74.21751104323201,15.904997944179481
432,SYF,Financials,Large Cap,14496000000.0,5812638.0,-1.9047639807876275,-9.075813045631548
433,SNPS,Information Technology,Large Cap,69081000000.0,1056272.0,134.68872115605856,127.5604120166745
434,SYY,Consumer Staples,Large Cap,38172000000.0,2469843.0,55.09762025502203,-10.122267643401408
435,TMUS,Communication Services,Large Cap,169064000000.0,6535306.0,34.38899119047841,77.48479319823204
436,TROW,Financials,Large Cap,27109000000.0,1310424.0,59.56248808219359,-10.862281227031142
437,TTWO,Communication Services,Large Cap,25455000000.0,1774162.0,147.92300356053883,-15.704688510958091
438,TPR,Consumer Discretionary,Mid Cap,9723000000.0,3024843.0,-23.679678426715494,40.20619309643726
439,TRGP,Energy,Large Cap,18231000000.0,1609635.0,-29.67109714791315,79.48717614315389
440,TGT,Consumer Staples,Large Cap,61886000000.0,5542487.0,77.38782396574774,15.768204852256787
441,TEL,Information Technology,Large Cap,44431000000.0,1409482.0,37.32759184843024,18.533820196634355
442,TDY,Information Technology,Large Cap,19404000000.0,262835.0,180.94354444934476,14.662963058565454
443,TFX,Health Care,Large Cap,12155000000.0,281543.0,130.21943825109238,-33.744721670559024
444,TER,Information Technology,Large Cap,17837000000.0,1752061.0,169.54136228655136,26.88844148883586
445,TSLA,Consumer Discretionary,Large Cap,824133000000.0,137655083.0,93.00940232038995,335.26503048051035
446,TXN,Information Technology,Large Cap,170786000000.0,5220533.0,73.61621893301779,27.94857505863402
447,TXT,Industrials,Large Cap,13640000000.0,1197130.0,-8.813279681025952,57.15872197732232
448,TMO,Health Care,Large Cap,216848000000.0,1660340.0,128.27446445550856,68.9233136323332
449,TJX,Consumer Discretionary,Large Cap,98352000000.0,4818214.0,61.911064439911954,29.789656118704567
450,TSCO,Consumer Discretionary,Large Cap,23633000000.0,1296279.0,20.80624145971645,140.1216729195833
451,TT,Industrials,Large Cap,44217000000.0,1295750.0,75.29349146721994,62.505062634310555
452,TDG,Industrials,Large Cap,48772000000.0,263498.0,123.59657693191684,12.277110934337468
453,TRV,Financials,Large Cap,39917000000.0,1225238.0,10.90436810889521,36.336532626700816
454,TRMB,Information Technology,Large Cap,13069000000.0,1055474.0,37.24069526969387,21.043813309064905
455,TFC,Financials,Large Cap,44022000000.0,12635316.0,18.904103818290817,-23.719200681276124
456,TYL,Information Technology,Large Cap,16910000000.0,248214.0,107.48260015277889,6.797173810988147
457,TSN,Consumer Staples,Large Cap,18644000000.0,3755443.0,44.590264084142646,-31.65349281012508
458,USB,Financials,Large Cap,58895000000.0,16606951.0,14.626112733987378,-26.668909172361452
459,UDR,Real Estate,Large Cap,23787000000.0,2080595.0,26.343071023903494,-17.10188670741338
460,ULTA,Consumer Discretionary,Large Cap,22914000000.0,979396.0,-1.8930545950155577,84.44085947442856
461,UNP,Industrials,Large Cap,132169999999.99998,2369770.0,72.42533318173855,14.434932752968086
462,UAL,Industrials,Large Cap,18894000000.0,6588027.0,18.832752058375075,-57.91001351860233
463,UPS,Industrials,Large Cap,160869000000.0,3605911.0,0.7964039344482298,47.72263416644878
464,URI,Industrials,Large Cap,31077000000.0,914861.0,56.06229597398085,111.04447817769417
465,UNH,Health Care,Large Cap,471596000000.0,3742441.0,82.3682723259572,80.34559251051864
466,UHS,Health Care,Large Cap,10489000000.0,681962.0,33.5549079272561,-2.336056596084099
467,VLO,Energy,Large Cap,44463000000.0,4207303.0,33.54420298773878,34.0589710370825
468,VTR,Real Estate,Large Cap,19815000000.0,2313288.0,-6.9192507785252575,-22.3275875223094
469,VRSN,Information Technology,Large Cap,22412000000.0,460669.0,151.44464270164957,5.402492730722734
470,VRSK,Industrials,Large Cap,33897000000.0,1155424.0,80.84325245058893,18.180599954166393
471,VZ,Communication Services,Large Cap,142431000000.0,23975412.0,13.435878656429102,-35.80970863432287
472,VRTX,Health Care,Large Cap,93352000000.0,1303667.0,194.1958891883495,31.12059188913351
473,VFC,Consumer Discretionary,Mid Cap,7537000000.0,6416983.0,97.152188487331,-72.2985842103144
474,VTRS,Health Care,Large Cap,12566000000.0,9435069.0,-49.50623561247949,-44.62686615318818
475,VICI,Real Estate,Large Cap,32929000000.000004,4954009.0,26.40000343322754,26.463702047436698
476,V,Financials,Large Cap,501085000000.0,6482556.0,138.48399788787057,9.925923019489915
477,VMC,Materials,Large Cap,29579000000.0,818558.0,13.08314641700234,20.76551766231142
478,WAB,Industrials,Large Cap,20306000000.0,1052591.0,-7.608048044021762,27.01704661853164
479,WBA,Consumer Staples,Large Cap,26295000000.0,8963666.0,-29.109505500463044,-36.97705570230328
480,WMT,Consumer Staples,Large Cap,426465000000.0,5693448.0,72.44368170085698,19.291597306103554
481,WBD,Communication Services,Large Cap,31499000000.0,22210338.0,18.438172459347477,-71.11517480077447
482,WM,Industrials,Large Cap,70139000000.0,1412606.0,60.23943189164282,37.50548682479957
483,WAT,Health Care,Large Cap,17062999999.999998,600753.0,72.66937961640501,45.82215862282361
484,WEC,Utilities,Large Cap,29137000000.0,1383261.0,57.15259295990971,1.4718621081090142
485,WFC,Financials,Large Cap,168566000000.0,20329638.0,-3.7183397932621767,-23.32404440945297
486,WELL,Real Estate,Large Cap,40911000000.0,2470882.0,20.71226553339483,-20.148610091359423
487,WST,Health Care,Large Cap,28013000000.0,394162.0,77.44440681164282,56.638939170393094
488,WDC,Information Technology,Large Cap,12254000000.0,3659359.0,-9.528638391469064,-50.85669667165865
489,WRK,Materials,Mid Cap,7776000000.0,2554161.0,-17.039922609559074,-20.596204117667735
490,WY,Real Estate,Large Cap,25176000000.0,4246385.0,-0.9923891551549584,2.6150312461723595
491,WHR,Consumer Discretionary,Mid Cap,8199000000.0,730864.0,-20.298704965843218,-5.022153622215583
492,WMB,Energy,Large Cap,41236000000.0,7451233.0,-25.99680867419559,37.426903892815616
493,WTW,Financials,Large Cap,24857000000.0,554682.0,63.58029403535896,20.559968313585987
494,GWW,Industrials,Large Cap,38578000000.0,283041.0,44.91046296520856,63.723325974981606
495,WYNN,Consumer Discretionary,Large Cap,12197000000.0,2291675.0,59.83946073477721,-41.94706276361315
496,XEL,Utilities,Large Cap,35889000000.0,3431401.0,55.351002228798116,10.322582930048895
497,XYL,Industrials,Large Cap,27236000000.0,2186922.0,57.637630953132835,39.6791240268089
498,YUM,Consumer Discretionary,Large Cap,38523000000.0,1753820.0,58.33857334046419,26.937561837602782
499,ZBRA,Information Technology,Large Cap,15761000000.0,364258.0,193.4973379952123,-1.0114639731052282
500,ZBH,Health Care,Large Cap,29696000000.0,1429980.0,43.20786393553414,-12.438323951919797
501,ZION,Financials,Mid Cap,5349000000.0,5914782.0,18.35847844342915,-6.111536909162704
502,ZTS,Health Care,Large Cap,84802000000.0,2002720.0,145.3786267500755,10.980688879133638
